rebalance_date,ticker,name,market_cap,p_pre_surge,rank_in_month
2019-01-31,011930,신성이엔지,196347864255.0,0.9434440455362494,1
2019-01-31,222080,씨아이에스,136742997750.0,0.9331379801950214,2
2019-01-31,032500,케이엠더블유,443916000000.0,0.8897799496931392,3
2019-01-31,088800,에이스테크,186607551600.0,0.8505748827782627,4
2019-01-31,092200,디아이씨,164910789400.0,0.8492450427403523,5
2019-01-31,059090,미코,255543480480.0,0.8224650097918791,6
2019-01-31,189300,인텔리안테크,121647859200.0,0.8212990561678706,7
2019-01-31,036810,에프에스티,110476624440.0,0.8203090056522264,8
2019-01-31,060250,NHN한국사이버결제,284927409000.0,0.8174002153241796,9
2019-01-31,047920,씨트리,65918255480.0,0.8148203465983948,10
2019-01-31,112610,씨에스윈드,477085734000.0,0.8074102510655726,11
2019-01-31,011790,SKC,1452587278500.0,0.8039051384114371,12
2019-01-31,035720,카카오,8280405858900.0,0.7889242339762055,13
2019-01-31,050890,쏠리드,119800696080.0,0.771988432208824,14
2019-01-31,005290,동진쎄미켐,447306097800.0,0.7669821027171181,15
2019-01-31,101530,해태제과식품,320285042000.0,0.7606981985000897,16
2019-01-31,014990,인디에프,226892030750.0,0.7574088454418709,17
2019-01-31,064550,바이오니아,176752547760.0,0.7472033737672553,18
2019-01-31,222800,심텍,168371896600.0,0.7256009170548555,19
2019-01-31,000990,DB하이텍,572741785200.0,0.7200488225090214,20
2019-01-31,075580,세진중공업,168839968000.0,0.7199619198033919,21
2019-01-31,031980,피에스케이,275493234200.0,0.7019156846423366,22
2019-01-31,053450,세코닉스,89991288000.0,0.6984052735236209,23
2019-01-31,009520,포스코엠텍,433084111200.0,0.6925420468188674,24
2019-01-31,083650,비에이치아이,95290000000.0,0.6912321684498329,25
2019-01-31,036890,진성티이씨,196045376960.0,0.6882136320574365,26
2019-01-31,067630,에이치엘비생명과학,578963068750.0,0.6770897898156149,27
2019-01-31,028100,동아지질,247825000000.0,0.6700388107570291,28
2019-01-31,159580,제로투세븐,142231715600.0,0.6641744253296649,29
2019-01-31,000250,삼천당제약,1002498619550.0,0.6591670942427972,30
2019-02-28,011930,신성이엔지,192887989995.0,0.9313255783947453,1
2019-02-28,222080,씨아이에스,130308033150.0,0.9280306829919567,2
2019-02-28,032500,케이엠더블유,445797000000.0,0.9022869131980661,3
2019-02-28,088800,에이스테크,202158180900.0,0.8806270857949915,4
2019-02-28,005290,동진쎄미켐,521857114100.0,0.8458400147366147,5
2019-02-28,189300,인텔리안테크,125992425600.0,0.8401101470020063,6
2019-02-28,112610,씨에스윈드,518571450000.0,0.8361974048572451,7
2019-02-28,036810,에프에스티,121402884000.0,0.8336364665553565,8
2019-02-28,067630,에이치엘비생명과학,689673875000.0,0.8292687566745879,9
2019-02-28,047920,씨트리,66956883455.0,0.827750282990192,10
2019-02-28,222800,심텍,154265062020.0,0.8275787013819581,11
2019-02-28,011790,SKC,1452587278500.0,0.8267932502974354,12
2019-02-28,092200,디아이씨,155528285880.0,0.8174407747864042,13
2019-02-28,059090,미코,220155719090.0,0.8117301297412723,14
2019-02-28,035720,카카오,8630634505500.0,0.8087715826600341,15
2019-02-28,060250,NHN한국사이버결제,277256286450.0,0.7797722057981497,16
2019-02-28,050890,쏠리드,124792391750.0,0.7766613226154659,17
2019-02-28,089010,켐트로닉스,88748639190.0,0.7756594741727965,18
2019-02-28,093320,케이아이엔엑스,112972000000.0,0.7705885178520693,19
2019-02-28,064550,바이오니아,188714797200.0,0.7703463525015659,20
2019-02-28,006060,화승인더,435368400000.0,0.7700214855179023,21
2019-02-28,101530,해태제과식품,326108406400.0,0.7542996003272615,22
2019-02-28,000990,DB하이텍,552762420600.0,0.7450283054332121,23
2019-02-28,000250,삼천당제약,1122975300400.0,0.738673836470346,24
2019-02-28,032190,다우데이타,383000000000.0,0.720793410645814,25
2019-02-28,031980,피에스케이,284642456000.0,0.7136195769780446,26
2019-02-28,071970,STX중공업,167928751380.0,0.7006037292487927,27
2019-02-28,060720,KH바텍,186253327680.0,0.7000942329429116,28
2019-02-28,033160,엠케이전자,187109971620.0,0.6956754548294066,29
2019-02-28,035150,백산,170852000000.0,0.6874916713735434,30
2019-03-29,032500,케이엠더블유,569002500000.0,0.9330839623365942,1
2019-03-29,011930,신성이엔지,208457424165.0,0.9287587117829635,2
2019-03-29,222080,씨아이에스,126822427325.0,0.9008197453644881,3
2019-03-29,112610,씨에스윈드,656857170000.0,0.8982536145498997,4
2019-03-29,093320,케이아이엔엑스,168848000000.0,0.893027673376388,5
2019-03-29,189300,인텔리안테크,149887540800.0,0.8635009051578767,6
2019-03-29,005290,동진쎄미켐,529569288200.0,0.8607479137021049,7
2019-03-29,088800,에이스테크,217708810200.0,0.8577055237936627,8
2019-03-29,061970,엘비세미콘,368228418720.0,0.8518581942564293,9
2019-03-29,047920,씨트리,57193780490.0,0.8419630704869951,10
2019-03-29,067630,에이치엘비생명과학,584407862500.0,0.8414214352983568,11
2019-03-29,036810,에프에스티,123223927260.0,0.8386932569762594,12
2019-03-29,064550,바이오니아,188302305840.0,0.8145980337123679,13
2019-03-29,011790,SKC,1356874163250.0,0.7971997073602366,14
2019-03-29,131970,테스나,223995000000.0,0.7913900346017015,15
2019-03-29,081660,휠라코리아,4766975460000.0,0.7896790800687784,16
2019-03-29,060250,NHN한국사이버결제,271776913200.0,0.7797338607313463,17
2019-03-29,031980,피에스케이,333438305600.0,0.7754592907119461,18
2019-03-29,101490,에스앤에스텍,109728440360.0,0.7752481866963996,19
2019-03-29,112040,위메이드,853440000000.0,0.7673184444395347,20
2019-03-29,089010,켐트로닉스,95436876550.0,0.7599752464593591,21
2019-03-29,003850,보령제약,530400000000.0,0.7471543263649391,22
2019-03-29,050890,쏠리드,140529361665.0,0.7464728160005346,23
2019-03-29,222800,심텍,154720121200.0,0.7462563182598548,24
2019-03-29,096530,씨젠,574525038000.0,0.7423724305359268,25
2019-03-29,000990,DB하이텍,554982350000.0,0.7412108275538511,26
2019-03-29,122640,예스티,167958414600.0,0.7344351358811916,27
2019-03-29,059090,미코,200113093170.0,0.7268230105032292,28
2019-03-29,035720,카카오,8630634505500.0,0.7262031269923573,29
2019-03-29,003230,삼양식품,645579385500.0,0.7259580684295187,30
2019-04-30,067310,하나마이크론,124502997080.0,0.9405995260130364,1
2019-04-30,032500,케이엠더블유,807889500000.0,0.9269155447344707,2
2019-04-30,112610,씨에스윈드,658585741500.0,0.9053127134609605,3
2019-04-30,083450,GST,72212523750.0,0.9019592615129103,4
2019-04-30,222080,씨아이에스,127358674375.0,0.8940892715187415,5
2019-04-30,088800,에이스테크,264706267640.0,0.8805216127209804,6
2019-04-30,011930,신성이엔지,202402644210.0,0.8801792638998158,7
2019-04-30,036810,에프에스티,159644792460.0,0.8763241191517032,8
2019-04-30,047920,씨트리,81289949510.0,0.8740331575176835,9
2019-04-30,064550,바이오니아,204595714560.0,0.8698906763839421,10
2019-04-30,089010,켐트로닉스,135148865450.0,0.8602843315520461,11
2019-04-30,189300,인텔리안테크,168908130800.0,0.8578506809159843,12
2019-04-30,093320,케이아이엔엑스,153476000000.0,0.8497559308249709,13
2019-04-30,005290,동진쎄미켐,578413057500.0,0.8470893665793512,14
2019-04-30,060250,NHN한국사이버결제,328490919900.0,0.8323219636444619,15
2019-04-30,067630,에이치엘비생명과학,773727448050.0,0.8281532153534268,16
2019-04-30,028300,에이치엘비,3291831769800.0,0.825997098466096,17
2019-04-30,222800,심텍,155857769150.0,0.8228041878754795,18
2019-04-30,137400,피엔티,107699724000.0,0.8120276311432252,19
2019-04-30,094480,갤럭시아컴즈,140442820040.0,0.811819871759747,20
2019-04-30,050890,쏠리드,187804216050.0,0.8099294590717826,21
2019-04-30,036540,SFA반도체,346453604105.0,0.8061762335881749,22
2019-04-30,089590,제주항공,1076673564300.0,0.8031490145551908,23
2019-04-30,101490,에스앤에스텍,128674358120.0,0.80125509219685,24
2019-04-30,002840,미원상사,224804846950.0,0.7995813032166136,25
2019-04-30,000990,DB하이텍,710377408000.0,0.7956714616172632,26
2019-04-30,131970,테스나,267492500000.0,0.785302034916176,27
2019-04-30,084370,유진테크,319678785900.0,0.7844706549261088,28
2019-04-30,096530,씨젠,616499470000.0,0.7816536007975602,29
2019-04-30,006060,화승인더,589158000000.0,0.7766156661811164,30
2019-05-31,032500,케이엠더블유,1444608000000.0,0.9507769742070806,1
2019-05-31,084370,유진테크,261242878800.0,0.9372108946638018,2
2019-05-31,067310,하나마이크론,102981986640.0,0.9368912029326368,3
2019-05-31,011930,신성이엔지,191957801035.0,0.9327486063864282,4
2019-05-31,237690,에스티팜,332076800000.0,0.929269822838584,5
2019-05-31,092200,디아이씨,123524650350.0,0.9168790111726822,6
2019-05-31,088800,에이스테크,421277718250.0,0.8963704999723454,7
2019-05-31,083450,GST,61590294450.0,0.8841959636606926,8
2019-05-31,007390,네이처셀,562609829400.0,0.8834681717518983,9
2019-05-31,067630,에이치엘비생명과학,720633313400.0,0.8769558812422202,10
2019-05-31,093320,케이아이엔엑스,190076000000.0,0.8768230057746229,11
2019-05-31,005420,코스모화학,177219075000.0,0.8693607487220769,12
2019-05-31,028300,에이치엘비,2754309776400.0,0.8690525857445154,13
2019-05-31,189300,인텔리안테크,216753352400.0,0.8639966342671077,14
2019-05-31,042700,한미반도체,403428424500.0,0.8614420703230709,15
2019-05-31,014680,한솔케미칼,932983107000.0,0.8611955020806343,16
2019-05-31,166090,하나머티리얼즈,286564040400.0,0.8582504067898619,17
2019-05-31,036540,SFA반도체,419836852225.0,0.8561227470446285,18
2019-05-31,137400,피엔티,87937957920.0,0.8528883340201313,19
2019-05-31,033160,엠케이전자,172716896880.0,0.8523894968082997,20
2019-05-31,061970,엘비세미콘,440035149600.0,0.8513569101784932,21
2019-05-31,096530,씨젠,767345085000.0,0.8458470447656441,22
2019-05-31,060590,씨티씨바이오,145601335880.0,0.8407098910991999,23
2019-05-31,060250,NHN한국사이버결제,305519526900.0,0.832049385989315,24
2019-05-31,050890,쏠리드,331752953280.0,0.8301563733268377,25
2019-05-31,112610,씨에스윈드,606728596500.0,0.8273368718599778,26
2019-05-31,000990,DB하이텍,648219384800.0,0.8244881916974679,27
2019-05-31,036810,에프에스티,143053064980.0,0.8239628382929919,28
2019-05-31,101160,월덱스,112439862330.0,0.8045333945116679,29
2019-05-31,094480,갤럭시아컴즈,142404311940.0,0.793249587602341,30
2019-06-28,011930,신성이엔지,219767464565.0,0.9567197249195211,1
2019-06-28,032500,케이엠더블유,1598727890000.0,0.9512004817885774,2
2019-06-28,084370,유진테크,262388680900.0,0.9337585084780258,3
2019-06-28,067310,하나마이크론,107444626520.0,0.9321662719632826,4
2019-06-28,060250,NHN한국사이버결제,433010758050.0,0.9221504302453813,5
2019-06-28,237690,에스티팜,322748800000.0,0.9189857743705843,6
2019-06-28,007390,네이처셀,452210919480.0,0.9097604661481228,7
2019-06-28,067630,에이치엘비생명과학,267469435930.0,0.9034554760197303,8
2019-06-28,028300,에이치엘비,1385001924600.0,0.8885966927574638,9
2019-06-28,137400,피엔티,89179017810.0,0.8794212230466472,10
2019-06-28,083450,GST,56838244500.0,0.8724440882946679,11
2019-06-28,088800,에이스테크,415780835400.0,0.8614418245160679,12
2019-06-28,005420,코스모화학,181246781250.0,0.8538084487813287,13
2019-06-28,064260,다날,223191663800.0,0.8497442291710238,14
2019-06-28,011790,SKC,1486368378000.0,0.8492181527567597,15
2019-06-28,033160,엠케이전자,178823049800.0,0.8446329864867682,16
2019-06-28,094480,갤럭시아컴즈,151231025490.0,0.8409562773930761,17
2019-06-28,189300,인텔리안테크,203342191800.0,0.8394038683675558,18
2019-06-28,000990,DB하이텍,654879173000.0,0.8313982504811156,19
2019-06-28,060720,KH바텍,222229689000.0,0.8298687586583575,20
2019-06-28,036540,SFA반도체,460762125215.0,0.8292186146148895,21
2019-06-28,101160,월덱스,112935192120.0,0.8228953626822078,22
2019-06-28,014680,한솔케미칼,897968002500.0,0.8223493268163377,23
2019-06-28,067570,엔브이에이치코리아,83725277130.0,0.8210210701798182,24
2019-06-28,267260,현대일렉트릭,366428430000.0,0.8208244157715273,25
2019-06-28,042700,한미반도체,432612608400.0,0.8206632577319608,26
2019-06-28,054210,이랜텍,147193510770.0,0.817767618257455,27
2019-06-28,166090,하나머티리얼즈,285582656700.0,0.815220982593862,28
2019-06-28,050890,쏠리드,297455497500.0,0.8136070514471705,29
2019-06-28,093320,케이아이엔엑스,195200000000.0,0.7987240274466554,30
2019-07-31,011930,신성이엔지,183285345175.0,0.9383318506385581,1
2019-07-31,084370,유진테크,255513868300.0,0.9336709412812815,2
2019-07-31,067310,하나마이크론,98438052160.0,0.9270322203702893,3
2019-07-31,237690,에스티팜,263982400000.0,0.9134396442303347,4
2019-07-31,067630,에이치엘비생명과학,314780141760.0,0.9117645921687934,5
2019-07-31,042700,한미반도체,375388718400.0,0.9105779070267674,6
2019-07-31,028300,에이치엘비,1065235191300.0,0.895722419862364,7
2019-07-31,011790,SKC,1587711676500.0,0.8934730865178813,8
2019-07-31,131290,티에스이,79531674510.0,0.8793121067687595,9
2019-07-31,005420,코스모화학,145641858000.0,0.8778381184854049,10
2019-07-31,060250,NHN한국사이버결제,429565049100.0,0.8777190843390015,11
2019-07-31,014680,한솔케미칼,917169834000.0,0.8692681007981665,12
2019-07-31,166090,하나머티리얼즈,271843284900.0,0.8679323170437631,13
2019-07-31,137400,피엔티,82264541280.0,0.8650983909549304,14
2019-07-31,033160,엠케이전자,176424204010.0,0.8432993364342325,15
2019-07-31,064760,티씨케이,657302500000.0,0.8431524183730249,16
2019-07-31,032500,케이엠더블유,2143141994900.0,0.8387582519536131,17
2019-07-31,007390,네이처셀,464315987260.0,0.8353454599756684,18
2019-07-31,092200,디아이씨,75793766040.0,0.8180835847510107,19
2019-07-31,083450,GST,57397309200.0,0.8012305654235916,20
2019-07-31,088800,에이스테크,385471578240.0,0.7903396630461346,21
2019-07-31,068760,셀트리온제약,1223323409900.0,0.7837117435263204,22
2019-07-31,101160,월덱스,106000575060.0,0.7815386555720788,23
2019-07-31,060590,씨티씨바이오,112580343260.0,0.7679705018057329,24
2019-07-31,060720,KH바텍,192092379750.0,0.7633642976168198,25
2019-07-31,298040,효성중공업,324028043000.0,0.751519905147922,26
2019-07-31,161580,필옵틱스,156827730550.0,0.750649819607714,27
2019-07-31,058470,리노공업,844427298000.0,0.7463205895930458,28
2019-07-31,096530,씨젠,583706945000.0,0.740436209137948,29
2019-07-31,075580,세진중공업,177665693600.0,0.7395797249697098,30
2019-08-30,011930,신성이엔지,191971854425.0,0.9513913125779271,1
2019-08-30,237690,에스티팜,292899200000.0,0.9425646439691396,2
2019-08-30,084370,유진테크,281867316600.0,0.9392901771117214,3
2019-08-30,067310,하나마이크론,93871338400.0,0.936070208077448,4
2019-08-30,011790,SKC,1726589530000.0,0.9303491025697245,5
2019-08-30,137400,피엔티,114709392690.0,0.9214615760226789,6
2019-08-30,028300,에이치엘비,1657686439500.0,0.911576964808698,7
2019-08-30,042700,한미반도체,328465128600.0,0.9088322285027156,8
2019-08-30,089970,에이피티씨,158459937900.0,0.9070847254386936,9
2019-08-30,067630,에이치엘비생명과학,335390746280.0,0.9002105967753163,10
2019-08-30,131290,티에스이,80637817410.0,0.8978453736605942,11
2019-08-30,222800,심텍,154947650790.0,0.8976944141750658,12
2019-08-30,060250,NHN한국사이버결제,482399253000.0,0.8888318054299885,13
2019-08-30,005420,코스모화학,108264744000.0,0.8717676969004909,14
2019-08-30,166090,하나머티리얼즈,241420390200.0,0.8695294405869799,15
2019-08-30,007390,네이처셀,332564997740.0,0.8672293029459487,16
2019-08-30,014680,한솔케미칼,887802327000.0,0.8553968200794473,17
2019-08-30,033160,엠케이전자,170318051090.0,0.840001487857655,18
2019-08-30,298040,효성중공업,330088999200.0,0.8396009257326509,19
2019-08-30,064760,티씨케이,583750000000.0,0.8345222912159354,20
2019-08-30,225570,넷게임즈,261831352500.0,0.8304749666828585,21
2019-08-30,068760,셀트리온제약,1128349375500.0,0.8111611238652309,22
2019-08-30,064260,다날,209996631000.0,0.8045889549864389,23
2019-08-30,095660,네오위즈,348448627200.0,0.8022915683740727,24
2019-08-30,032500,케이엠더블유,2642493409500.0,0.7978268796217647,25
2019-08-30,083450,GST,61497117000.0,0.7849181568555285,26
2019-08-30,101160,월덱스,110953872960.0,0.7733972907181514,27
2019-08-30,058470,리노공업,845951535000.0,0.7687867933991259,28
2019-08-30,035600,KG이니시스,426937840200.0,0.7661100104893648,29
2019-08-30,092200,디아이씨,91193694305.0,0.7639986973903106,30
2019-09-30,028300,에이치엘비,2369804992800.0,0.954688996627537,1
2019-09-30,084370,유진테크,316241379600.0,0.9529134757350253,2
2019-09-30,067630,에이치엘비생명과학,444533265670.0,0.9449967260927614,3
2019-09-30,222800,심텍,206824397310.0,0.9436122638048674,4
2019-09-30,237690,에스티팜,325547200000.0,0.9393430991410306,5
2019-09-30,067310,하나마이크론,99706583760.0,0.9276172872084909,6
2019-09-30,042700,한미반도체,378249912900.0,0.9231046854010865,7
2019-09-30,011930,신성이엔지,161047881495.0,0.9183099579079614,8
2019-09-30,137400,피엔티,107761596960.0,0.9114630095571562,9
2019-09-30,131290,티에스이,84619931850.0,0.9096452426416004,10
2019-09-30,007390,네이처셀,409363769310.0,0.8958984677701836,11
2019-09-30,089970,에이피티씨,149630791800.0,0.8877995158843637,12
2019-09-30,005420,코스모화학,100370439750.0,0.8720514358888577,13
2019-09-30,166090,하나머티리얼즈,270861901200.0,0.8694153681517147,14
2019-09-30,225570,넷게임즈,275043026250.0,0.8646797844378825,15
2019-09-30,064760,티씨케이,628115000000.0,0.8448969217160717,16
2019-09-30,014680,한솔케미칼,899097522000.0,0.8428187161668669,17
2019-09-30,068760,셀트리온제약,1194823130250.0,0.8414009191038504,18
2019-09-30,011790,SKC,1493875289000.0,0.821800523540217,19
2019-09-30,267260,현대일렉트릭,227999912000.0,0.8030845555624672,20
2019-09-30,060590,씨티씨바이오,131890865260.0,0.7990920779463,21
2019-09-30,298040,효성중공업,293257034600.0,0.7761242978660902,22
2019-09-30,060720,KH바텍,236786233600.0,0.771202788597922,23
2019-09-30,064260,다날,204437896650.0,0.769047335788568,24
2019-09-30,060250,NHN한국사이버결제,490439240550.0,0.763876573286375,25
2019-09-30,032500,케이엠더블유,2898092115000.0,0.7635724287846033,26
2019-09-30,096530,씨젠,535174008000.0,0.7550909874125058,27
2019-09-30,033160,엠케이전자,173371127550.0,0.7493314369629371,28
2019-09-30,095660,네오위즈,338586873600.0,0.7491905068439872,29
2019-09-30,071970,STX중공업,69081058260.0,0.7470740620205452,30
2019-10-31,028300,에이치엘비,6648080040000.0,0.959412453105096,1
2019-10-31,084370,유진테크,350615442600.0,0.9537676329154157,2
2019-10-31,237690,에스티팜,344203200000.0,0.9534750335747317,3
2019-10-31,067310,하나마이크론,140299594960.0,0.9513138224711267,4
2019-10-31,067630,에이치엘비생명과학,1547959903700.0,0.9505297635669653,5
2019-10-31,222800,심텍,216153110500.0,0.9479393291782776,6
2019-10-31,137400,피엔티,128992772520.0,0.9208970970906655,7
2019-10-31,166090,하나머티리얼즈,332689074300.0,0.9191512594622873,8
2019-10-31,225570,넷게임즈,264361152000.0,0.9189372365026417,9
2019-10-31,007390,네이처셀,651677749350.0,0.9097871105714394,10
2019-10-31,042700,한미반도체,389694690900.0,0.9092201160769239,11
2019-10-31,014680,한솔케미칼,1059489291000.0,0.9040024030973501,12
2019-10-31,005420,코스모화학,98920465500.0,0.8741860649795925,13
2019-10-31,064260,다날,213084816750.0,0.859532553031629,14
2019-10-31,051370,인터플렉스,409397133600.0,0.8591505743497911,15
2019-10-31,089970,에이피티씨,153348327000.0,0.8543998401145498,16
2019-10-31,068760,셀트리온제약,1363564200000.0,0.8431575729641533,17
2019-10-31,060250,NHN한국사이버결제,488142101250.0,0.8246427745119085,18
2019-10-31,011930,신성이엔지,159136849460.0,0.8227053297426218,19
2019-10-31,064760,티씨케이,624612500000.0,0.820724495725169,20
2019-10-31,095660,네오위즈,373650886400.0,0.8097656780037262,21
2019-10-31,033160,엠케이전자,169881897310.0,0.8081378929056632,22
2019-10-31,089010,켐트로닉스,198150268500.0,0.8025727858200952,23
2019-10-31,267260,현대일렉트릭,217821344500.0,0.8024105978255243,24
2019-10-31,006650,대한유화,773500000000.0,0.8011283998804869,25
2019-10-31,035600,KG이니시스,456237495900.0,0.7946674711108679,26
2019-10-31,011790,SKC,1664657514250.0,0.7914673424646305,27
2019-10-31,056080,유진로봇,113849381320.0,0.7853396683416156,28
2019-10-31,101160,월덱스,124823107080.0,0.7757953404654938,29
2019-10-31,033240,자화전자,191530000000.0,0.7681677895013472,30
2019-11-29,082740,HSD엔진,136730639300.0,0.9531746253538452,1
2019-11-29,267260,현대일렉트릭,183417786350.0,0.9394725762731727,2
2019-11-29,237690,에스티팜,460803200000.0,0.93743066053813,3
2019-11-29,028300,에이치엘비,4909877674500.0,0.9368812943102762,4
2019-11-29,007390,네이처셀,636380149600.0,0.9254627016392514,5
2019-11-29,225570,넷게임즈,196107909120.0,0.9227104646445355,6
2019-11-29,222800,심텍,224799234920.0,0.9190016036843319,7
2019-11-29,298040,효성중공업,236377291800.0,0.9166714217427503,8
2019-11-29,285130,SK케미칼,824245999200.0,0.9114330286378318,9
2019-11-29,075580,세진중공업,167496922800.0,0.9094709144130607,10
2019-11-29,067310,하나마이크론,129252233490.0,0.9079130456681115,11
2019-11-29,007810,코리아써키트,233136812370.0,0.9039062589035791,12
2019-11-29,071970,STX중공업,95618294055.0,0.9034222291127781,13
2019-11-29,001430,세아베스틸,568414586150.0,0.8943946742195915,14
2019-11-29,166090,하나머티리얼즈,313061400300.0,0.888016895536086,15
2019-11-29,067630,에이치엘비생명과학,1091570509600.0,0.8835202505151432,16
2019-11-29,112040,위메이드,487200000000.0,0.8827511597572584,17
2019-11-29,033240,자화전자,181685000000.0,0.8827191228162011,18
2019-11-29,077360,덕산하이메탈,165390687280.0,0.8813221491893375,19
2019-11-29,196170,알테오젠,693447825000.0,0.8794435172026708,20
2019-11-29,014680,한솔케미칼,1140814695000.0,0.8765971190011157,21
2019-11-29,003850,보령제약,696150000000.0,0.872778852471348,22
2019-11-29,005420,코스모화학,74432011500.0,0.8675128583700048,23
2019-11-29,084370,유진테크,319678785900.0,0.8674453548294264,24
2019-11-29,064260,다날,197952706575.0,0.8667317843692977,25
2019-11-29,042700,한미반도체,357077073600.0,0.8579745372459893,26
2019-11-29,068760,셀트리온제약,1208458772250.0,0.8537339429107433,27
2019-11-29,005070,코스모신소재,228134127000.0,0.8492834106572693,28
2019-11-29,025540,한국단자,426494250000.0,0.8377933098873088,29
2019-11-29,003090,대웅,732588948000.0,0.8308480919881013,30
2019-12-30,267260,현대일렉트릭,416344409250.0,0.9596539336875882,1
2019-12-30,082740,HSD엔진,147273724740.0,0.9508061680518022,2
2019-12-30,237690,에스티팜,555948800000.0,0.9394138118686287,3
2019-12-30,225570,넷게임즈,216868016640.0,0.930879464664928,4
2019-12-30,222800,심텍,282136691600.0,0.9215980755511934,5
2019-12-30,001430,세아베스틸,546897314750.0,0.9173163461396926,6
2019-12-30,028300,에이치엘비,4910701678200.0,0.9165141461127282,7
2019-12-30,196170,알테오젠,929692575000.0,0.9162795777618251,8
2019-12-30,298040,효성중공업,248499204200.0,0.9102897657800791,9
2019-12-30,007810,코리아써키트,282267974450.0,0.9095142138872896,10
2019-12-30,067310,하나마이크론,154662219400.0,0.9061008208335805,11
2019-12-30,042700,한미반도체,463513509000.0,0.9054210609674067,12
2019-12-30,005420,코스모화학,159798249000.0,0.9001687560759941,13
2019-12-30,285130,SK케미칼,751449344000.0,0.8980789586718122,14
2019-12-30,005070,코스모신소재,260306888500.0,0.8946000202030634,15
2019-12-30,071970,STX중공업,85789688205.0,0.8917880076051025,16
2019-12-30,166090,하나머티리얼즈,371944422300.0,0.8879458587863767,17
2019-12-30,131290,티에스이,152647720200.0,0.8825308985172541,18
2019-12-30,089970,에이피티씨,175188846300.0,0.879316671766704,19
2019-12-30,112040,위메이드,498120000000.0,0.8778160905969187,20
2019-12-30,014680,한솔케미칼,1197290670000.0,0.8778087925072049,21
2019-12-30,084370,유진테크,378114693000.0,0.8741156122505088,22
2019-12-30,137400,피엔티,133856786350.0,0.8720804006053816,23
2019-12-30,068760,셀트리온제약,1356746379000.0,0.8685120078121773,24
2019-12-30,003850,보령제약,733720000000.0,0.8676001377409491,25
2019-12-30,007390,네이처셀,403244729410.0,0.8622895958675989,26
2019-12-30,067630,에이치엘비생명과학,1305844320750.0,0.8606833826938862,27
2019-12-30,082270,젬백스,1483520536650.0,0.8496705673395377,28
2019-12-30,077360,덕산하이메탈,173796532650.0,0.8395065478309063,29
2019-12-30,025540,한국단자,445241250000.0,0.8379385117587613,30
2020-01-31,267260,현대일렉트릭,354703808400.0,0.9678895019500573,1
2020-01-31,225570,넷게임즈,209658308640.0,0.9636593413678292,2
2020-01-31,112040,위메이드,537600000000.0,0.9580477291720663,3
2020-01-31,298040,효성중공업,210268557400.0,0.956504573962094,4
2020-01-31,082740,HSD엔진,133765396520.0,0.9553093082937341,5
2020-01-31,005070,코스모신소재,304178836000.0,0.9499068001625587,6
2020-01-31,005420,코스모화학,232125234250.0,0.941013651338238,7
2020-01-31,237690,에스티팜,514905600000.0,0.9379068843322883,8
2020-01-31,075580,세진중공업,155217652400.0,0.9298651684382288,9
2020-01-31,001430,세아베스틸,462621335100.0,0.929444992867752,10
2020-01-31,006650,대한유화,607750000000.0,0.9246715166721959,11
2020-01-31,140860,파크시스템스,302593497000.0,0.9119018861639858,12
2020-01-31,249420,일동제약,355926096400.0,0.9115553561704046,13
2020-01-31,042700,한미반도체,497847843000.0,0.9087819455211175,14
2020-01-31,010060,OCI,1330794901800.0,0.9075182608692657,15
2020-01-31,196170,알테오젠,886612650000.0,0.9009959583007515,16
2020-01-31,089970,에이피티씨,197494057500.0,0.8901411559968581,17
2020-01-31,285130,SK케미칼,679826828400.0,0.8886305396408505,18
2020-01-31,033160,엠케이전자,168791512860.0,0.8818949637435142,19
2020-01-31,071970,STX중공업,75399447735.0,0.8812041029182441,20
2020-01-31,014680,한솔케미칼,1231176255000.0,0.8811536574162795,21
2020-01-31,222800,심텍,249144901050.0,0.8791571277145223,22
2020-01-31,020150,일진머티리얼즈,2213320080000.0,0.8783226257803808,23
2020-01-31,067310,하나마이크론,169371520200.0,0.8767250090766056,24
2020-01-31,077360,덕산하이메탈,177885862830.0,0.8754372941068695,25
2020-01-31,068760,셀트리온제약,1430037954750.0,0.873457056006306,26
2020-01-31,064260,다날,186526419300.0,0.8728833318771115,27
2020-01-31,003090,대웅,665725671000.0,0.8723841652503092,28
2020-01-31,078600,대주전자재료,269925223750.0,0.8689864479263398,29
2020-01-31,007390,네이처셀,361635258090.0,0.8678434871610652,30
2020-02-28,225570,넷게임즈,209946696960.0,0.9766977890891739,1
2020-02-28,267260,현대일렉트릭,311086775050.0,0.9698033863787374,2
2020-02-28,298040,효성중공업,184159823000.0,0.9635675723660132,3
2020-02-28,082740,HSD엔진,116632882680.0,0.9560916016370972,4
2020-02-28,247540,에코프로비엠,1671200035800.0,0.9542226463813063,5
2020-02-28,112040,위메이드,507360000000.0,0.9511898488166672,6
2020-02-28,001430,세아베스틸,390897097100.0,0.9507065676551795,7
2020-02-28,249420,일동제약,308318147200.0,0.9506680909511704,8
2020-02-28,237690,에스티팜,539158400000.0,0.9444187883378226,9
2020-02-28,196170,알테오젠,1202068875000.0,0.9390294724564126,10
2020-02-28,005070,코스모신소재,260014408850.0,0.9384665897524747,11
2020-02-28,010060,OCI,1174581521750.0,0.9291827368877599,12
2020-02-28,075580,세진중공업,127781157600.0,0.9252884262579817,13
2020-02-28,006650,대한유화,556400000000.0,0.9233432155310984,14
2020-02-28,005420,코스모화학,201053352500.0,0.9229129502974458,15
2020-02-28,042700,한미반도체,446002998660.0,0.912297256453093,16
2020-02-28,068760,셀트리온제약,1360287717600.0,0.8992719489415592,17
2020-02-28,278280,천보,662000000000.0,0.8972669802678007,18
2020-02-28,071970,STX중공업,62121487440.0,0.8968687516800993,19
2020-02-28,064260,다날,207834900975.0,0.8934542131486816,20
2020-02-28,033160,엠케이전자,158978052810.0,0.8934513724985805,21
2020-02-28,003090,대웅,590141097000.0,0.8889112915037588,22
2020-02-28,084370,유진테크,425092579100.0,0.8879200648916449,23
2020-02-28,064760,티씨케이,774052500000.0,0.8878306304726992,24
2020-02-28,140860,파크시스템스,264602683500.0,0.8864869359661076,25
2020-02-28,007810,코리아써키트,257466185900.0,0.8829843212499935,26
2020-02-28,067310,하나마이크론,160119363360.0,0.8791930463455048,27
2020-02-28,089970,에이피티씨,187967873550.0,0.8769311440002645,28
2020-02-28,078600,대주전자재료,244460580000.0,0.8732455121008572,29
2020-02-28,025540,한국단자,335883750000.0,0.8716174216858347,30
2020-03-31,298040,효성중공업,120286669200.0,0.9770860836463148,1
2020-03-31,068760,셀트리온제약,2723984677600.0,0.9710907406538412,2
2020-03-31,249420,일동제약,299921391000.0,0.9624069026410653,3
2020-03-31,075580,세진중공업,101112117200.0,0.9586576334831637,4
2020-03-31,112040,위메이드,337680000000.0,0.9542355600249665,5
2020-03-31,001430,세아베스틸,268965892500.0,0.9517217268668525,6
2020-03-31,267260,현대일렉트릭,235748262900.0,0.9502696434016594,7
2020-03-31,225570,넷게임즈,169860720480.0,0.9492619574255569,8
2020-03-31,005070,코스모신소재,199471121300.0,0.9440929115846994,9
2020-03-31,006650,대한유화,567450000000.0,0.9348082692057638,10
2020-03-31,285130,SK케미칼,993322101600.0,0.9325943526001129,11
2020-03-31,082740,HSD엔진,83356269260.0,0.9285775174838475,12
2020-03-31,247540,에코프로비엠,1260080715800.0,0.928266599664686,13
2020-03-31,010060,OCI,829958110800.0,0.9268563786992762,14
2020-03-31,096530,씨젠,2914599622000.0,0.9233675364144404,15
2020-03-31,307950,현대오토에버,660450000000.0,0.9083725039750477,16
2020-03-31,034020,두산중공업,864475756870.0,0.9026482840372576,17
2020-03-31,033160,엠케이전자,124739981080.0,0.9010702104411675,18
2020-03-31,011200,현대상선,981311804500.0,0.8969751678561085,19
2020-03-31,003160,디아이,75592284000.0,0.8805410907543432,20
2020-03-31,064760,티씨케이,721515000000.0,0.8795436469469535,21
2020-03-31,064260,다날,183565227780.0,0.8779954180248027,22
2020-03-31,003090,대웅,651190176000.0,0.8758354497766774,23
2020-03-31,027360,아주IB투자,130585455000.0,0.8749751252090517,24
2020-03-31,278280,천보,518000000000.0,0.8749300345047786,25
2020-03-31,025900,동화기업,264598804200.0,0.8700583245048021,26
2020-03-31,025540,한국단자,253605250000.0,0.8691275857866876,27
2020-03-31,237690,에스티팜,586731200000.0,0.8667654803877138,28
2020-03-31,033240,자화전자,105431000000.0,0.8663237801085832,29
2020-03-31,011780,금호석유,1974306376800.0,0.8637676842844585,30
2020-04-29,298040,효성중공업,167841864000.0,0.9687138087332624,1
2020-04-29,006650,대한유화,913250000000.0,0.9660209931958251,2
2020-04-29,249420,일동제약,308252540750.0,0.9593212983747489,3
2020-04-29,247540,에코프로비엠,1530384118000.0,0.9587206832170196,4
2020-04-29,267260,현대일렉트릭,297388863750.0,0.9560734797099264,5
2020-04-29,068760,셀트리온제약,2527177196600.0,0.952042430909653,6
2020-04-29,112040,위메이드,397320000000.0,0.951435777703157,7
2020-04-29,005070,코스모신소재,257382092000.0,0.9489278490617226,8
2020-04-29,001430,세아베스틸,333159085510.0,0.94377358984291,9
2020-04-29,225570,넷게임즈,225231277920.0,0.9422119051618947,10
2020-04-29,075580,세진중공업,115693750800.0,0.9382385798871232,11
2020-04-29,082740,HSD엔진,112349754220.0,0.9362509086215317,12
2020-04-29,064260,다날,261820453185.0,0.9311771015337342,13
2020-04-29,010060,OCI,952782371450.0,0.9242336479210859,14
2020-04-29,011200,HMM,1142753423950.0,0.9219134249057843,15
2020-04-29,071970,STX중공업,63823446000.0,0.9200789798764366,16
2020-04-29,027360,아주IB투자,147798992250.0,0.9129567317693804,17
2020-04-29,003160,디아이,102364551250.0,0.9080761282265315,18
2020-04-29,307950,현대오토에버,828450000000.0,0.9036306046971585,19
2020-04-29,285130,SK케미칼,912306469200.0,0.9026112947212688,20
2020-04-29,096530,씨젠,2437140458000.0,0.9018684468000988,21
2020-04-29,033160,엠케이전자,142404209170.0,0.8949976139673114,22
2020-04-29,001530,DI동일,150402149000.0,0.8942494552721624,23
2020-04-29,011780,금호석유,2327731592400.0,0.8897188775375208,24
2020-04-29,214370,케어젠,623094000000.0,0.8850776940206975,25
2020-04-29,003090,대웅,1011670452000.0,0.8832428693887595,26
2020-04-29,064760,티씨케이,840600000000.0,0.8764774450134795,27
2020-04-29,086520,에코프로,446221858200.0,0.8723355321749737,28
2020-04-29,100790,미래에셋벤처투자,138692481345.0,0.8717181636732328,29
2020-04-29,278280,천보,670000000000.0,0.8651677137642664,30
2020-05-29,298040,효성중공업,160848453000.0,0.9690145699535339,1
2020-05-29,001440,대한전선,660340689939.0,0.9539927199825958,2
2020-05-29,285130,SK케미칼,1079034292400.0,0.9532836705019987,3
2020-05-29,278280,천보,938000000000.0,0.9470677965373896,4
2020-05-29,249420,일동제약,328485333000.0,0.9467021482758702,5
2020-05-29,011200,HMM,1495709121375.0,0.9451863528894061,6
2020-05-29,005070,코스모신소재,339276394000.0,0.9437024280203121,7
2020-05-29,196170,알테오젠,3382821115000.0,0.9362697143303705,8
2020-05-29,077970,STX엔진,147947252720.0,0.9334998725574317,9
2020-05-29,068760,셀트리온제약,3283482826400.0,0.9324830578039921,10
2020-05-29,006650,대한유화,845000000000.0,0.9319805540435266,11
2020-05-29,090710,휴림로봇,68266396368.0,0.9281335963506989,12
2020-05-29,033160,엠케이전자,167919205300.0,0.9240579835086441,13
2020-05-29,027360,아주IB투자,158483256750.0,0.9223860641173935,14
2020-05-29,267260,현대일렉트릭,298109806450.0,0.9200458723230275,15
2020-05-29,112040,위메이드,525840000000.0,0.9134512556588952,16
2020-05-29,075580,세진중공업,135071974400.0,0.9120450463987879,17
2020-05-29,001530,DI동일,159031780500.0,0.908720385519515,18
2020-05-29,011780,금호석유,2160159291900.0,0.9061876529566616,19
2020-05-29,247540,에코프로비엠,2513603503400.0,0.900282427353851,20
2020-05-29,003090,대웅,1002949155000.0,0.8942789122011264,21
2020-05-29,001430,세아베스틸,348579796680.0,0.8918802360283172,22
2020-05-29,003160,디아이,117955459825.0,0.8888565946298184,23
2020-05-29,100790,미래에셋벤처투자,149502674750.0,0.888510671377266,24
2020-05-29,127120,디엔에이링크,73857430870.0,0.885068942009006,25
2020-05-29,036930,주성엔지니어링,260545744800.0,0.8806776812336864,26
2020-05-29,036580,팜스코,280968763950.0,0.8800612157100193,27
2020-05-29,010060,OCI,939665217400.0,0.8791079278926933,28
2020-05-29,077360,덕산하이메탈,170161572490.0,0.8751092607974618,29
2020-05-29,195870,해성디에스,269450000000.0,0.8701235850941874,30
2020-06-30,298050,효성첨단소재,510714072000.0,0.9848471837218802,1
2020-06-30,298040,효성중공업,269479437200.0,0.98322034375933,2
2020-06-30,011200,HMM,1483047033575.0,0.955965540641153,3
2020-06-30,001440,대한전선,572980443021.0,0.9515864168138316,4
2020-06-30,249420,일동제약,355859110750.0,0.9488134142799588,5
2020-06-30,005070,코스모신소재,362674766000.0,0.947188229662321,6
2020-06-30,001530,DI동일,165442363900.0,0.9450584004640299,7
2020-06-30,112040,위메이드,689640000000.0,0.9444447698863306,8
2020-06-30,075580,세진중공업,239445772800.0,0.9427916379850304,9
2020-06-30,278280,천보,913000000000.0,0.9415829483450995,10
2020-06-30,285130,SK케미칼,1508769386000.0,0.940057109490605,11
2020-06-30,090710,휴림로봇,64695283176.0,0.9393811020035577,12
2020-06-30,033160,엠케이전자,165520359510.0,0.9301525073892761,13
2020-06-30,086520,에코프로,650556124950.0,0.9299521875242656,14
2020-06-30,077970,STX엔진,138973780160.0,0.9269055657912447,15
2020-06-30,196170,알테오젠,3729920675000.0,0.9264969860620532,16
2020-06-30,048410,현대바이오,475885370250.0,0.9251886569001175,17
2020-06-30,247540,에코프로비엠,2526182003000.0,0.9211057180280076,18
2020-06-30,068760,셀트리온제약,4543881904800.0,0.9204254658837987,19
2020-06-30,036930,주성엔지니어링,270195587200.0,0.9160905696145453,20
2020-06-30,267260,현대일렉트릭,285493309200.0,0.9121992923438874,21
2020-06-30,298020,효성티앤씨,484700384000.0,0.912091619045751,22
2020-06-30,011780,금호석유,2269842979500.0,0.910837681316024,23
2020-06-30,027360,아주IB투자,156108975750.0,0.9051610694045341,24
2020-06-30,025900,동화기업,674625958800.0,0.9049455937319973,25
2020-06-30,036580,팜스코,221102216860.0,0.8950686310260053,26
2020-06-30,006650,대한유화,734500000000.0,0.8943775734347765,27
2020-06-30,001430,세아베스틸,364000507850.0,0.8931405818956758,28
2020-06-30,034020,두산중공업,1223935661630.0,0.8924353637909789,29
2020-06-30,001570,금양,165180506250.0,0.88864500551727,30
2020-07-31,298050,효성첨단소재,591353136000.0,0.9817754783888117,1
2020-07-31,298040,효성중공업,404685383200.0,0.974740406863505,2
2020-07-31,034020,두산중공업,2657978169000.0,0.966188576164495,3
2020-07-31,285130,SK케미칼,3158435524000.0,0.9657336535920323,4
2020-07-31,011200,HMM,1921150779240.0,0.9509209619247442,5
2020-07-31,036930,주성엔지니어링,337261991880.0,0.9461353747935732,6
2020-07-31,033160,엠케이전자,216986505550.0,0.9307809470080076,7
2020-07-31,005070,코스모신소재,432869882000.0,0.9291298456707088,8
2020-07-31,278280,천보,1230000000000.0,0.9287675943628917,9
2020-07-31,001570,금양,193371312650.0,0.9244998176663765,10
2020-07-31,001440,대한전선,686034880209.0,0.9240157110857103,11
2020-07-31,249420,일동제약,379662395750.0,0.9229575551525928,12
2020-07-31,075580,세진중공업,267074131200.0,0.9210697493337838,13
2020-07-31,010060,OCI,1337949713100.0,0.9199090999303152,14
2020-07-31,298020,효성티앤씨,491191907000.0,0.9122383351972402,15
2020-07-31,090710,휴림로봇,63532595160.0,0.9104399450529976,16
2020-07-31,267260,현대일렉트릭,448786830750.0,0.9100953189349856,17
2020-07-31,001530,DI동일,179989457000.0,0.9000304828910006,18
2020-07-31,086520,에코프로,801873933300.0,0.8994988075606231,19
2020-07-31,007660,이수페타시스,176835085430.0,0.8892219295923658,20
2020-07-31,025900,동화기업,1000829828100.0,0.8835254986969902,21
2020-07-31,195870,해성디에스,351050000000.0,0.877369859180235,22
2020-07-31,011780,금호석유,2577566658600.0,0.8728455818013849,23
2020-07-31,007810,코리아써키트,382656166200.0,0.8702420322670094,24
2020-07-31,121600,나노신소재,330331739850.0,0.8681491117904959,25
2020-07-31,100790,미래에셋벤처투자,171813073905.0,0.8634984409860004,26
2020-07-31,196170,알테오젠,2662029690000.0,0.8621619372566692,27
2020-07-31,048410,현대바이오,445356874800.0,0.8618224456071464,28
2020-07-31,078600,대주전자재료,628795222400.0,0.8616274183301934,29
2020-07-31,112040,위메이드,619920000000.0,0.8540474819035949,30
2020-08-31,298050,효성첨단소재,609272928000.0,0.9786338025093028,1
2020-08-31,298040,효성중공업,411212566800.0,0.9626735170229931,2
2020-08-31,034020,두산중공업,4075566525800.0,0.9534917903672244,3
2020-08-31,285130,SK케미칼,4620239326000.0,0.9526989868705605,4
2020-08-31,001530,DI동일,216233909300.0,0.9398665737365581,5
2020-08-31,010060,OCI,1543054303700.0,0.9241982125966157,6
2020-08-31,249420,일동제약,439170608250.0,0.9233170602422811,7
2020-08-31,086520,에코프로,1040447996100.0,0.9232183758192334,8
2020-08-31,090710,휴림로봇,58964892240.0,0.9170777032521119,9
2020-08-31,036930,주성엔지니어링,315549846480.0,0.9128216926257421,10
2020-08-31,007660,이수페타시스,221611297260.0,0.910407520257425,11
2020-08-31,011780,금호석유,3062002945500.0,0.9099985809711619,12
2020-08-31,002710,TCC스틸,72565000000.0,0.901042748784312,13
2020-08-31,298020,효성티앤씨,424545604200.0,0.8994249935588173,14
2020-08-31,003030,세아제강지주,203148275850.0,0.892478813717859,15
2020-08-31,011200,HMM,1881943620480.0,0.8920712344669697,16
2020-08-31,033160,엠케이전자,223528812250.0,0.8863973031084748,17
2020-08-31,121600,나노신소재,475156985400.0,0.880359220156684,18
2020-08-31,001440,대한전선,591822849219.0,0.8783992425938205,19
2020-08-31,005070,코스모신소재,470892236500.0,0.8769236473770361,20
2020-08-31,048410,현대바이오,407645203950.0,0.8608558558577024,21
2020-08-31,075580,세진중공업,221410594400.0,0.8578565059261285,22
2020-08-31,001570,금양,189406980500.0,0.8560003840354758,23
2020-08-31,109610,에스와이,136671891720.0,0.8418630545171785,24
2020-08-31,100790,미래에셋벤처투자,171123061560.0,0.8241459764710453,25
2020-08-31,112040,위메이드,602280000000.0,0.8127048598760086,26
2020-08-31,033240,자화전자,214800000000.0,0.8111415188835404,27
2020-08-31,196170,알테오젠,5850307100000.0,0.8096168400155415,28
2020-08-31,067570,엔브이에이치코리아,157132378350.0,0.8019677594916257,29
2020-08-31,185750,종근당,2111822890000.0,0.801421210514257,30
2020-09-29,298050,효성첨단소재,624952746000.0,0.9684375325037723,1
2020-09-29,298040,효성중공업,526836962000.0,0.9485821525009075,2
2020-09-29,034020,두산중공업,3366777760500.0,0.9443171156295477,3
2020-09-29,285130,SK케미칼,3481323914000.0,0.938900073690566,4
2020-09-29,298020,효성티앤씨,556107137000.0,0.9354593775572057,5
2020-09-29,001530,DI동일,214754543900.0,0.9346304349160728,6
2020-09-29,002710,TCC스틸,80500000000.0,0.9326731537798921,7
2020-09-29,036930,주성엔지니어링,335814515520.0,0.9258422749194926,8
2020-09-29,010060,OCI,1359414147000.0,0.9231569867133624,9
2020-09-29,001440,대한전선,692886664281.0,0.922863136755679,10
2020-09-29,090710,휴림로봇,62785152864.0,0.9221216229649836,11
2020-09-29,011780,금호석유,3351446010000.0,0.919191521699257,12
2020-09-29,001570,금양,222883563100.0,0.9163214404145019,13
2020-09-29,011200,HMM,2355696788830.0,0.9094859442096168,14
2020-09-29,027360,아주IB투자,282495562500.0,0.9088234738959973,15
2020-09-29,171090,선익시스템,63085057950.0,0.9062497818024525,16
2020-09-29,249420,일동제약,401085352250.0,0.9035200056987053,17
2020-09-29,033160,엠케이전자,223528812250.0,0.898066724609518,18
2020-09-29,267260,현대일렉트릭,551521165500.0,0.8973356575828259,19
2020-09-29,003030,세아제강지주,173535428300.0,0.8957449470985864,20
2020-09-29,077970,STX엔진,138283513040.0,0.8928439078568738,21
2020-09-29,086520,에코프로,990745066350.0,0.8910061609189038,22
2020-09-29,195870,해성디에스,336600000000.0,0.8735860433088324,23
2020-09-29,067310,하나마이크론,265307900700.0,0.8708634734361596,24
2020-09-29,006110,삼아알미늄,91850000000.0,0.8706319478442269,25
2020-09-29,048410,현대바이오,396870440850.0,0.8696532319282512,26
2020-09-29,005070,코스모신소재,412396306500.0,0.8675369650394704,27
2020-09-29,007660,이수페타시스,185914132990.0,0.8662036680657723,28
2020-09-29,006650,대한유화,1082250000000.0,0.8646560941062164,29
2020-09-29,121600,나노신소재,373182655200.0,0.8559906527475412,30
2020-10-30,298020,효성티앤씨,618858526000.0,0.9603456823666866,1
2020-10-30,011200,HMM,2930735117310.0,0.9531167483643395,2
2020-10-30,298050,효성첨단소재,598073058000.0,0.9467375184443868,3
2020-10-30,090710,휴림로봇,118760275920.0,0.9375362567341796,4
2020-10-30,002710,TCC스틸,76475000000.0,0.9229890761942733,5
2020-10-30,011780,금호석유,4052202903000.0,0.911222239156695,6
2020-10-30,001440,대한전선,745987990839.0,0.910228375480959,7
2020-10-30,249420,일동제약,409416502000.0,0.908955609064484,8
2020-10-30,027360,아주IB투자,382409782500.0,0.8938491193837327,9
2020-10-30,001530,DI동일,206124912400.0,0.8937817719659124,10
2020-10-30,036930,주성엔지니어링,335332023400.0,0.8914184743169282,11
2020-10-30,034020,두산중공업,3480691513750.0,0.8905710843262448,12
2020-10-30,001570,금양,209669122600.0,0.8875129166112683,13
2020-10-30,003030,세아제강지주,185753316450.0,0.8665968484778288,14
2020-10-30,171090,선익시스템,54355741800.0,0.8660029486963405,15
2020-10-30,048410,현대바이오,393278853150.0,0.8584399530770972,16
2020-10-30,077970,STX엔진,139664047280.0,0.8465845338702818,17
2020-10-30,285130,SK케미칼,4062523016000.0,0.8453332841574308,18
2020-10-30,065350,신성델타테크,146662934700.0,0.8416617294112386,19
2020-10-30,010060,OCI,1473891127800.0,0.8382396873863274,20
2020-10-30,298040,효성중공업,549215877200.0,0.8311359868616314,21
2020-10-30,086520,에코프로,938833117500.0,0.8221537738081408,22
2020-10-30,195870,해성디에스,293250000000.0,0.8143103467032728,23
2020-10-30,267260,현대일렉트릭,540707025000.0,0.8126129404677166,24
2020-10-30,006650,대한유화,1261000000000.0,0.8125404322590482,25
2020-10-30,005070,코스모신소재,386073138000.0,0.8047075880228396,26
2020-10-30,006110,삼아알미늄,84810000000.0,0.799452332972391,27
2020-10-30,196170,알테오젠,4445523070000.0,0.7957991280037572,28
2020-10-30,033160,엠케이전자,197795739230.0,0.7889875311125956,29
2020-10-30,067310,하나마이크론,221992484250.0,0.7780613372775488,30
2020-11-30,298020,효성티앤씨,798457329000.0,0.9533078801253536,1
2020-11-30,298050,효성첨단소재,663032304000.0,0.9385629641950136,2
2020-11-30,001570,금양,227288376600.0,0.9195744041397479,3
2020-11-30,001440,대한전선,1318968433860.0,0.9141827112367257,4
2020-11-30,090710,휴림로봇,169835499480.0,0.9098626375430505,5
2020-11-30,036930,주성엔지니어링,375861361480.0,0.9077181135182398,6
2020-11-30,041510,에스엠,696509579700.0,0.8825264785222314,7
2020-11-30,048410,현대바이오,405849410100.0,0.8279271573330415,8
2020-11-30,027360,아주IB투자,496597462500.0,0.8228792088684139,9
2020-11-30,041190,우리기술투자,455280000000.0,0.8202335066159218,10
2020-11-30,001530,DI동일,216973592000.0,0.8008177890408642,11
2020-11-30,082740,HSD엔진,224370037020.0,0.7865620293971252,12
2020-11-30,077970,STX엔진,162442862240.0,0.7825709858433241,13
2020-11-30,068760,셀트리온제약,6778953584100.0,0.7802937502702518,14
2020-11-30,058430,포스코강판,93900000000.0,0.7596059106562666,15
2020-11-30,002710,TCC스틸,99245000000.0,0.7587301723459893,16
2020-11-30,067310,하나마이크론,255891954050.0,0.7404349109429014,17
2020-11-30,033500,동성화인텍,325083987950.0,0.7092171259387903,18
2020-11-30,063160,종근당바이오,352198760400.0,0.7057791797591745,19
2020-11-30,052020,에스티큐브,252195574700.0,0.7042778798925188,20
2020-11-30,053280,예스24,273480000000.0,0.7035985750316791,21
2020-11-30,204320,만도,2277420320000.0,0.6939765786585371,22
2020-11-30,006110,삼아알미늄,97130000000.0,0.681935981664347,23
2020-11-30,065350,신성델타테크,186066327960.0,0.6697017704789832,24
2020-11-30,001120,LG상사,740316000000.0,0.6617349348806677,25
2020-11-30,307950,현대오토에버,1688400000000.0,0.6496462033437991,26
2020-11-30,034020,두산중공업,4240115116750.0,0.6486263098783442,27
2020-11-30,061970,엘비세미콘,507901267200.0,0.6318602484264557,28
2020-11-30,002900,동양물산,215467883100.0,0.6181369501177771,29
2020-11-30,161000,애경유화,301816800000.0,0.6180976875631794,30
2020-12-30,048410,현대바이오,1048743608400.0,0.9281136516411587,1
2020-12-30,298020,효성티앤씨,913140902000.0,0.9250246699437419,2
2020-12-30,001570,금양,291598653700.0,0.9227344183296806,3
2020-12-30,298050,효성첨단소재,667512252000.0,0.9081839383932202,4
2020-12-30,036930,주성엔지니어링,396126030520.0,0.8902699742910611,5
2020-12-30,090710,휴림로봇,144090264840.0,0.8879083071713808,6
2020-12-30,001440,대한전선,1173368022330.0,0.8851288283649023,7
2020-12-30,041510,에스엠,697711904750.0,0.8418333226407879,8
2020-12-30,281740,레이크머티리얼즈,181416312480.0,0.8365032586210635,9
2020-12-30,041190,우리기술투자,409080000000.0,0.825623941168984,10
2020-12-30,001530,DI동일,359978914000.0,0.8122722585389488,11
2020-12-30,068760,셀트리온제약,8544417988200.0,0.8022841350325014,12
2020-12-30,082740,HSD엔진,276755992800.0,0.797404254403189,13
2020-12-30,005420,코스모화학,318552065000.0,0.7551190688076413,14
2020-12-30,130660,한전산업,155339000000.0,0.7547187926657977,15
2020-12-30,112610,씨에스윈드,3059571555000.0,0.7512397798041123,16
2020-12-30,063160,종근당바이오,438328363800.0,0.7504072319447299,17
2020-12-30,067310,하나마이크론,347923161050.0,0.7356986386765982,18
2020-12-30,058430,포스코강판,104400000000.0,0.7175865223262768,19
2020-12-30,052690,한전기술,682227000000.0,0.6936240433661808,20
2020-12-30,307950,현대오토에버,2593500000000.0,0.6760789276289284,21
2020-12-30,052020,에스티큐브,309927091800.0,0.6688789649388981,22
2020-12-30,077970,STX엔진,167504821120.0,0.6681472666381378,23
2020-12-30,000390,삼화페인트,372786389100.0,0.6664660213751841,24
2020-12-30,001120,LG상사,957372000000.0,0.6621124046960317,25
2020-12-30,033500,동성화인텍,323049012750.0,0.6345419465512938,26
2020-12-30,002710,TCC스틸,121670000000.0,0.6335203155598353,27
2020-12-30,007660,이수페타시스,164867250010.0,0.619703367885665,28
2020-12-30,003160,디아이,150397148375.0,0.6126344612306591,29
2020-12-30,204320,만도,2761078656000.0,0.557469099729535,30
2021-01-29,298050,효성첨단소재,1014708222000.0,0.9638498029636234,1
2021-01-29,298020,효성티앤씨,1296140759000.0,0.9532509930063912,2
2021-01-29,001570,금양,268693623500.0,0.8991600605313301,3
2021-01-29,036930,주성엔지니어링,457402529760.0,0.8914534094687219,4
2021-01-29,041510,에스엠,717646530600.0,0.8617969634800843,5
2021-01-29,281740,레이크머티리얼즈,195219727560.0,0.8560010860142032,6
2021-01-29,048410,현대바이오,817086201750.0,0.8556788172010379,7
2021-01-29,036580,팜스코,307045603480.0,0.8087650256290019,8
2021-01-29,204320,만도,3249432704000.0,0.7951295883088314,9
2021-01-29,067310,하나마이크론,329653297250.0,0.7922655315383514,10
2021-01-29,005420,코스모화학,319857606250.0,0.7767162790608734,11
2021-01-29,090710,휴림로봇,127937533570.0,0.7582125413331262,12
2021-01-29,001440,대한전선,946402674945.0,0.7315858309554419,13
2021-01-29,004140,동방,188717140080.0,0.7184918877411544,14
2021-01-29,307950,현대오토에버,2572500000000.0,0.6791426689557172,15
2021-01-29,130660,한전산업,147026000000.0,0.677630499603407,16
2021-01-29,033160,엠케이전자,226799965600.0,0.6742730411157043,17
2021-01-29,001530,DI동일,488190582000.0,0.6587956101321848,18
2021-01-29,001120,LG상사,1023264000000.0,0.6497294202420808,19
2021-01-29,247540,에코프로비엠,3859952961000.0,0.6399876049582568,20
2021-01-29,052690,한전기술,651651000000.0,0.639961296888691,21
2021-01-29,082740,HSD엔진,233595236780.0,0.6398820762031732,22
2021-01-29,306620,네온테크,149946716660.0,0.6398119382278689,23
2021-01-29,112610,씨에스윈드,2765714400000.0,0.6320467685334618,24
2021-01-29,298000,효성화학,526370790000.0,0.628855072635446,25
2021-01-29,195870,해성디에스,580550000000.0,0.6193447399620304,26
2021-01-29,007660,이수페타시스,139074501260.0,0.6111972897101416,27
2021-01-29,003160,디아이,164728185550.0,0.6041689637539506,28
2021-01-29,052020,에스티큐브,303850090000.0,0.5998324040799217,29
2021-01-29,058430,포스코강판,100800000000.0,0.5989039954070148,30
2021-02-26,298050,효성첨단소재,1310384790000.0,0.9755067273532256,1
2021-02-26,298020,효성티앤씨,1778677302000.0,0.9545281141835552,2
2021-02-26,281740,레이크머티리얼즈,241231111160.0,0.9101067991753734,3
2021-02-26,048410,현대바이오,1964598471900.0,0.906623591665577,4
2021-02-26,036930,주성엔지니어링,489729501800.0,0.8780273275574537,5
2021-02-26,041510,에스엠,704747655050.0,0.8580175923756594,6
2021-02-26,058430,포스코강판,196500000000.0,0.7731982166499503,7
2021-02-26,001570,금양,207026234500.0,0.7576694034811927,8
2021-02-26,036580,팜스코,264441189600.0,0.724103925222355,9
2021-02-26,307950,현대오토에버,2730000000000.0,0.710367121110821,10
2021-02-26,067310,하나마이크론,342472414250.0,0.6954289374301231,11
2021-02-26,171090,선익시스템,110241363750.0,0.6831070088794275,12
2021-02-26,067570,엔브이에이치코리아,200040466600.0,0.655286685571787,13
2021-02-26,005420,코스모화학,319857606250.0,0.6452585965321129,14
2021-02-26,001530,DI동일,406825485000.0,0.6448810107454617,15
2021-02-26,130660,한전산업,154198000000.0,0.6357678060454512,16
2021-02-26,052020,에스티큐브,317523344050.0,0.6328421250022501,17
2021-02-26,298000,효성화학,722563539000.0,0.6279660995534594,18
2021-02-26,033160,엠케이전자,247517270150.0,0.6195056185220518,19
2021-02-26,036030,KTH,410722753000.0,0.6138623487635746,20
2021-02-26,204320,만도,2934820000000.0,0.6133319746818943,21
2021-02-26,004140,동방,411687613350.0,0.6132963889106522,22
2021-02-26,041190,우리기술투자,378000000000.0,0.6014935291568557,23
2021-02-26,004090,한국석유,128091600000.0,0.5862446899898224,24
2021-02-26,035150,백산,164560000000.0,0.5862369282844724,25
2021-02-26,052690,한전기술,668850000000.0,0.5784015527965504,26
2021-02-26,105630,한세실업,824000000000.0,0.5678933094470253,27
2021-02-26,306620,네온테크,159992774600.0,0.5641389165276269,28
2021-02-26,001120,LG상사,1058148000000.0,0.5534284615317054,29
2021-02-26,007660,이수페타시스,138455475290.0,0.5425981260704731,30
2021-03-31,247540,에코프로비엠,3428732058000.0,0.7992936505751781,1
2021-03-31,281740,레이크머티리얼즈,236629972800.0,0.7865448560111507,2
2021-03-31,041510,에스엠,694194029600.0,0.745713944520563,3
2021-03-31,052020,에스티큐브,307287825150.0,0.7269172846364984,4
2021-03-31,048410,현대바이오,1551430604850.0,0.6894028050941216,5
2021-03-31,298000,효성화학,985748934000.0,0.6331526066874846,6
2021-03-31,298020,효성티앤씨,2479761786000.0,0.6252808400103871,7
2021-03-31,036930,주성엔지니어링,540391174400.0,0.6195509492077259,8
2021-03-31,094480,갤럭시아머니트리,326392252160.0,0.6025969468042814,9
2021-03-31,007660,이수페타시스,140725237180.0,0.6009911897841745,10
2021-03-31,052690,한전기술,858039000000.0,0.5878650104259303,11
2021-03-31,007390,네이처셀,611225356350.0,0.5666078874406434,12
2021-03-31,036580,팜스코,258931998150.0,0.5537506931888219,13
2021-03-31,171090,선익시스템,137689213500.0,0.5151569298587451,14
2021-03-31,033500,동성화인텍,380785432050.0,0.5128784844934351,15
2021-03-31,083650,비에이치아이,108420000000.0,0.5080720661761485,16
2021-03-31,058430,포스코강판,173700000000.0,0.49026441893467193,17
2021-03-31,033160,엠케이전자,245336501250.0,0.48359467128355604,18
2021-03-31,064260,다날,586066840000.0,0.43676325275939143,19
2021-03-31,298050,효성첨단소재,1704620214000.0,0.43389206534337726,20
2021-03-31,035150,백산,239580000000.0,0.426594310352961,21
2021-03-31,306620,네온테크,153295402640.0,0.4231301676343652,22
2021-03-31,060720,KH바텍,526744341750.0,0.4115243951562581,23
2021-03-31,036030,KTH,405365499700.0,0.4016712563828932,24
2021-03-31,020120,키다리스튜디오,457859039600.0,0.4013666702707558,25
2021-03-31,005420,코스모화학,298576575000.0,0.3990281102410206,26
2021-03-31,058610,에스피지,191813445000.0,0.3848260147809247,27
2021-03-31,066700,테라젠이텍스,288106582800.0,0.38254694643150206,28
2021-03-31,084010,대한제강,411600457800.0,0.3821134080662377,29
2021-03-31,145720,덴티움,709512003000.0,0.37823714836390426,30
2021-04-30,281740,레이크머티리얼즈,258978359120.0,0.8143050380556651,1
2021-04-30,247540,에코프로비엠,3895023346000.0,0.7758536994184021,2
2021-04-30,007660,이수페타시스,165692617970.0,0.7669163565440906,3
2021-04-30,052690,한전기술,1467648000000.0,0.7144479708261251,4
2021-04-30,052020,에스티큐브,266316115130.0,0.7116069276335869,5
2021-04-30,058430,포스코강판,370800000000.0,0.7100969784069582,6
2021-04-30,041510,에스엠,708265530200.0,0.6857421815661019,7
2021-04-30,298020,효성티앤씨,3128914086000.0,0.6261531198116356,8
2021-04-30,298000,효성화학,1292001030000.0,0.6082929757550543,9
2021-04-30,039860,나노엔텍,285380882550.0,0.6045303943104763,10
2021-04-30,007390,네이처셀,597737936250.0,0.5823900604552792,11
2021-04-30,048410,현대바이오,1514866339350.0,0.5647594289522806,12
2021-04-30,077970,STX엔진,356638012000.0,0.5432359751061183,13
2021-04-30,035150,백산,222156000000.0,0.5286316291746214,14
2021-04-30,094480,갤럭시아머니트리,283631728740.0,0.5184607277205842,15
2021-04-30,036930,주성엔지니어링,644126980200.0,0.4689127180246746,16
2021-04-30,025820,이구산업,154836460000.0,0.4573612811263519,17
2021-04-30,058610,에스피지,229599768500.0,0.4459749332029657,18
2021-04-30,205470,휴마시스,840194658250.0,0.42751710978659846,19
2021-04-30,033500,동성화인텍,379707855600.0,0.41057031195903165,20
2021-04-30,060720,KH바텍,500703048450.0,0.40854621221826315,21
2021-04-30,005420,코스모화학,331056988450.0,0.3994255257164488,22
2021-04-30,033160,엠케이전자,249698039050.0,0.3955695601137499,23
2021-04-30,083650,비에이치아이,114400000000.0,0.384020436128811,24
2021-04-30,053160,프리엠스,171600000000.0,0.3801342853535477,25
2021-04-30,082740,HSD엔진,403964248900.0,0.3609439994653896,26
2021-04-30,066700,테라젠이텍스,286808805400.0,0.35646078923578073,27
2021-04-30,067310,하나마이크론,463012245500.0,0.35382261847550345,28
2021-04-30,017180,명문제약,186743997000.0,0.35313510677743015,29
2021-04-30,016380,KG동부제철,2000177940000.0,0.35291779627435005,30
2021-05-31,052690,한전기술,2220582000000.0,0.8650598334392761,1
2021-05-31,007660,이수페타시스,145677444940.0,0.8594562402172566,2
2021-05-31,281740,레이크머티리얼즈,234986709100.0,0.8558900891208028,3
2021-05-31,052020,에스티큐브,251333922660.0,0.8210096911026321,4
2021-05-31,247540,에코프로비엠,3851250176200.0,0.7884927921857747,5
2021-05-31,094170,동운아나텍,123394092120.0,0.7743080815070748,6
2021-05-31,058610,에스피지,254161604200.0,0.7720650479268358,7
2021-05-31,041510,에스엠,1024874293700.0,0.7647020591330328,8
2021-05-31,060280,큐렉소,334039795830.0,0.7608325642255249,9
2021-05-31,087010,펩트론,265055061050.0,0.5775555777233936,10
2021-05-31,004690,삼천리,382388857500.0,0.5167994039824271,11
2021-05-31,032190,다우데이타,572585000000.0,0.48721041237938445,12
2021-05-31,077970,STX엔진,343983114800.0,0.4778973096352044,13
2021-05-31,001430,세아베스틸,1104553265200.0,0.46996701030637955,14
2021-05-31,017810,풀무원,827215696300.0,0.4595809770810162,15
2021-05-31,267260,현대일렉트릭,789432256500.0,0.4328843499276982,16
2021-05-31,101530,해태제과식품,307182472100.0,0.4293498921229313,17
2021-05-31,048550,SM C&C,263016133600.0,0.41403759496684994,18
2021-05-31,071970,STX중공업,201398429600.0,0.4050737829274931,19
2021-05-31,033160,엠케이전자,247517270150.0,0.4048497503173294,20
2021-05-31,005420,코스모화학,305321643900.0,0.39561596735993126,21
2021-05-31,214370,케어젠,729449700000.0,0.3829735443677201,22
2021-05-31,082740,HSD엔진,424263959900.0,0.38104997067866386,23
2021-05-31,083650,비에이치아이,139620000000.0,0.37082195378315086,24
2021-05-31,094480,갤럭시아머니트리,277747253040.0,0.36850402164461804,25
2021-05-31,095340,ISC,330826225950.0,0.364215621507781,26
2021-05-31,298050,효성첨단소재,1688940396000.0,0.3575612264508462,27
2021-05-31,102460,이연제약,628598704500.0,0.34019455590291375,28
2021-05-31,005070,코스모신소재,750355581800.0,0.34008899839095746,29
2021-05-31,067310,하나마이크론,451878537850.0,0.3378497308262452,30
2021-06-30,281740,레이크머티리얼즈,288557105720.0,0.9209396029939731,1
2021-06-30,094170,동운아나텍,126558043200.0,0.8978143542891701,2
2021-06-30,007660,이수페타시스,171263851700.0,0.8934910164459896,3
2021-06-30,087010,펩트론,260929690450.0,0.8552298546635537,4
2021-06-30,247540,에코프로비엠,4649118738600.0,0.8532228472412243,5
2021-06-30,052690,한전기술,1930110000000.0,0.849246214161661,6
2021-06-30,041510,에스엠,1379536258800.0,0.8426957669882659,7
2021-06-30,060280,큐렉소,322336699880.0,0.8331279935634656,8
2021-06-30,052020,에스티큐브,274877367970.0,0.7947146552317016,9
2021-06-30,058610,에스피지,259475112000.0,0.7429713996861865,10
2021-06-30,033160,엠케이전자,354374946250.0,0.655876506130397,11
2021-06-30,095340,ISC,397414981800.0,0.5960307340820049,12
2021-06-30,077970,STX엔진,342832669600.0,0.5928494531411775,13
2021-06-30,007390,네이처셀,1856032763750.0,0.5419453177303947,14
2021-06-30,023350,한국종합기술,133590000000.0,0.5326413721790778,15
2021-06-30,071970,STX중공업,236004920320.0,0.4968425322124542,16
2021-06-30,032190,다우데이타,607055000000.0,0.4924402572297712,17
2021-06-30,060590,씨티씨바이오,194092204880.0,0.4266766611791261,18
2021-06-30,004690,삼천리,385227375000.0,0.4149124817015495,19
2021-06-30,151860,KG ETS,783000000000.0,0.41148023463549416,20
2021-06-30,045390,대아티아이,448966103820.0,0.4112035981995058,21
2021-06-30,298050,효성첨단소재,1973417094000.0,0.4045474473914831,22
2021-06-30,094480,갤럭시아머니트리,291085397960.0,0.403929166538431,23
2021-06-30,067630,에이치엘비생명과학,941809060000.0,0.3962450843309915,24
2021-06-30,123410,코리아에프티,119994985840.0,0.39130851345007095,25
2021-06-30,102460,이연제약,869331269100.0,0.3895816026764932,26
2021-06-30,085660,차바이오텍,1536849765000.0,0.38673626939242917,27
2021-06-30,101530,해태제과식품,290585883560.0,0.3825277056853646,28
2021-06-30,067310,하나마이크론,507764576100.0,0.3754261629620778,29
2021-06-30,083650,비에이치아이,150020000000.0,0.374009918401686,30
2021-07-30,247540,에코프로비엠,6345685407000.0,0.9530934980350666,1
2021-07-30,094170,동운아나텍,122866766940.0,0.8735683647044138,2
2021-07-30,281740,레이크머티리얼즈,278040218040.0,0.8688527528728955,3
2021-07-30,007660,이수페타시스,153724782550.0,0.8556287653846029,4
2021-07-30,087010,펩트론,238240152150.0,0.8532766310682677,5
2021-07-30,041510,에스엠,1383131878800.0,0.8517868692206548,6
2021-07-30,052020,에스티큐브,283132861780.0,0.8363069427089908,7
2021-07-30,060280,큐렉소,315649216480.0,0.8225845760040976,8
2021-07-30,058610,에스피지,274999264000.0,0.78950150123066,9
2021-07-30,052690,한전기술,2037126000000.0,0.7676590797554786,10
2021-07-30,033160,엠케이전자,447057624500.0,0.7429781784477197,11
2021-07-30,095340,ISC,430157416000.0,0.7100287564223854,12
2021-07-30,005070,코스모신소재,1271171060250.0,0.6611565513293572,13
2021-07-30,003670,포스코케미칼,11929335880000.0,0.6024018349991082,14
2021-07-30,005420,코스모화학,363981743000.0,0.5985285343739101,15
2021-07-30,298050,효성첨단소재,2750688072000.0,0.5649039397298438,16
2021-07-30,032190,다우데이타,541945000000.0,0.5562104085127235,17
2021-07-30,002710,TCC스틸,149695000000.0,0.5501608516548385,18
2021-07-30,007390,네이처셀,1685607189750.0,0.5369072760808538,19
2021-07-30,060590,씨티씨바이오,214725838810.0,0.5304169048733423,20
2021-07-30,094480,갤럭시아머니트리,275001164380.0,0.5165419992580387,21
2021-07-30,103590,일진전기,239910123300.0,0.5165204445516877,22
2021-07-30,064550,바이오니아,931567844050.0,0.4352525153499886,23
2021-07-30,161580,필옵틱스,235757757000.0,0.43003599641886686,24
2021-07-30,048550,SM C&C,358892553600.0,0.42552814985740617,25
2021-07-30,045390,대아티아이,505175806200.0,0.42338176376704695,26
2021-07-30,085660,차바이오텍,1414276115850.0,0.4118849336871646,27
2021-07-30,014280,금강공업,244900130950.0,0.41039068596232764,28
2021-07-30,013360,일성건설,191248075200.0,0.4061399743509527,29
2021-07-30,006110,삼아알미늄,167200000000.0,0.4052651087357435,30
2021-08-31,247540,에코프로비엠,7022996906400.0,0.9582313990808923,1
2021-08-31,007660,이수페타시스,176835085430.0,0.9297982852829785,2
2021-08-31,281740,레이크머티리얼즈,347714598920.0,0.8821920500722266,3
2021-08-31,087010,펩트론,247522236000.0,0.8680601253781838,4
2021-08-31,060280,큐렉소,273518071060.0,0.8646600767996645,5
2021-08-31,052020,에스티큐브,281909825660.0,0.8543522939160239,6
2021-08-31,041510,에스엠,1635621254100.0,0.8531799187684775,7
2021-08-31,094170,동운아나텍,114429564060.0,0.8358096891936906,8
2021-08-31,002710,TCC스틸,184005000000.0,0.8154109243781064,9
2021-08-31,058610,에스피지,246168696000.0,0.7730848439381556,10
2021-08-31,214370,케어젠,761678700000.0,0.759005767154298,11
2021-08-31,005070,코스모신소재,1295240571450.0,0.7391146570495127,12
2021-08-31,095340,ISC,427675738600.0,0.7185975263789398,13
2021-08-31,004690,삼천리,355220190000.0,0.6909228518689787,14
2021-08-31,006110,삼아알미늄,271700000000.0,0.6442513995160459,15
2021-08-31,033160,엠케이전자,529926842700.0,0.6100647181094164,16
2021-08-31,005420,코스모화학,516460378200.0,0.6041341651014897,17
2021-08-31,067570,엔브이에이치코리아,153605735360.0,0.5925490575343338,18
2021-08-31,003670,포스코케미칼,12045530710000.0,0.5891829525952665,19
2021-08-31,067310,하나마이크론,570037590150.0,0.5851322525138691,20
2021-08-31,018470,조일알미늄,199618697345.0,0.5772724252856111,21
2021-08-31,013360,일성건설,228255118000.0,0.5479658576581186,22
2021-08-31,032190,다우데이타,538115000000.0,0.5259189874174973,23
2021-08-31,267260,현대일렉트릭,899376018250.0,0.5249934410633326,24
2021-08-31,001570,금양,271292946560.0,0.48618743234303624,25
2021-08-31,060590,씨티씨바이오,283429037500.0,0.4753604923581251,26
2021-08-31,298050,효성첨단소재,2773087812000.0,0.46941182484257393,27
2021-08-31,095660,네오위즈,640079536950.0,0.46329899068326,28
2021-08-31,272290,이녹스첨단소재,874053781000.0,0.45066334076900894,29
2021-08-31,278280,천보,2420000000000.0,0.44071173331214963,30
2021-09-30,247540,에코프로비엠,10236390622000.0,0.9596047818751526,1
2021-09-30,094170,동운아나텍,103004185160.0,0.915022991300885,2
2021-09-30,060280,큐렉소,257133736730.0,0.9046019537385672,3
2021-09-30,052020,에스티큐브,287107729170.0,0.892023014965479,4
2021-09-30,087010,펩트론,250616263950.0,0.8786352978473797,5
2021-09-30,281740,레이크머티리얼즈,296444771480.0,0.874013766482601,6
2021-09-30,004690,삼천리,392526420000.0,0.8413920446830894,7
2021-09-30,007660,이수페타시스,150835994690.0,0.8329879291374577,8
2021-09-30,214370,케어젠,767050200000.0,0.8193415374580099,9
2021-09-30,058610,에스피지,238406620000.0,0.7746610325994873,10
2021-09-30,002710,TCC스틸,206800000000.0,0.7546853399971177,11
2021-09-30,095340,ISC,383832771200.0,0.6569956041209127,12
2021-09-30,005070,코스모신소재,1472753216550.0,0.6532063456976912,13
2021-09-30,003670,포스코케미칼,13710989940000.0,0.6515779415108423,14
2021-09-30,041510,에스엠,1640742449200.0,0.6498421530775987,15
2021-09-30,006110,삼아알미늄,318450000000.0,0.6102275732852671,16
2021-09-30,017940,E1,406798000000.0,0.5536676869849584,17
2021-09-30,267260,현대일렉트릭,1002110353000.0,0.5353789957985805,18
2021-09-30,033160,엠케이전자,477588389100.0,0.5217607264457742,19
2021-09-30,032190,다우데이타,511305000000.0,0.5146063867002807,20
2021-09-30,067310,하나마이크론,528522247450.0,0.47743664036212646,21
2021-09-30,005420,코스모화학,521151618750.0,0.4475970376753113,22
2021-09-30,045390,대아티아이,481695803940.0,0.4427722081718052,23
2021-09-30,014820,동원시스템즈,1619089895200.0,0.4303094219233259,24
2021-09-30,042370,비츠로테크,326190311250.0,0.42714563445730175,25
2021-09-30,214150,클래시스,1300808966400.0,0.41829396215333287,26
2021-09-30,272290,이녹스첨단소재,755221750100.0,0.4081600060142073,27
2021-09-30,053700,삼보모터스,126120103200.0,0.39001806973228614,28
2021-09-30,060590,씨티씨바이오,238080391500.0,0.38790094732320696,29
2021-09-30,174900,앱클론,260491076450.0,0.37966136937347966,30
2021-10-29,247540,에코프로비엠,8984789113400.0,0.9556595842848538,1
2021-10-29,094170,동운아나텍,106168136240.0,0.907868834068206,2
2021-10-29,052020,에스티큐브,252862717810.0,0.9067309132534015,3
2021-10-29,007660,이수페타시스,170438483740.0,0.8810730060851848,4
2021-10-29,004690,삼천리,382794360000.0,0.8749696791343318,5
2021-10-29,060280,큐렉소,244093144100.0,0.87269288467387,6
2021-10-29,087010,펩트론,228958068300.0,0.8683508953306281,7
2021-10-29,002710,TCC스틸,196460000000.0,0.8600211711721557,8
2021-10-29,041510,에스엠,1855369368200.0,0.821674867873855,9
2021-10-29,058610,에스피지,218890543200.0,0.798919121494625,10
2021-10-29,214370,케어젠,721929600000.0,0.7830133421952565,11
2021-10-29,005070,코스모신소재,1265153682450.0,0.7457433919331545,12
2021-10-29,003670,포스코케미칼,11270898510000.0,0.7080220613200028,13
2021-10-29,095340,ISC,435947996600.0,0.699289781535418,14
2021-10-29,067310,하나마이크론,737695704900.0,0.6926235780559145,15
2021-10-29,281740,레이크머티리얼즈,306304353680.0,0.6855508720245194,16
2021-10-29,006110,삼아알미늄,292050000000.0,0.6817200473149703,17
2021-10-29,052690,한전기술,2709798000000.0,0.638397680122776,18
2021-10-29,094480,갤럭시아머니트리,321292373220.0,0.6095243715190963,19
2021-10-29,068240,다원시스,1038468990300.0,0.5852394477387256,20
2021-10-29,032190,다우데이타,517050000000.0,0.5771090075724054,21
2021-10-29,174900,앱클론,245976910900.0,0.5477711165643517,22
2021-10-29,267260,현대일렉트릭,796641683500.0,0.5462099436117501,23
2021-10-29,005420,코스모화학,430818671500.0,0.5340027850563527,24
2021-10-29,112040,위메이드,6079458935200.0,0.529748732216958,25
2021-10-29,161580,필옵틱스,216299377250.0,0.5278482666229791,26
2021-10-29,214150,클래시스,1443186067200.0,0.5277695344118417,27
2021-10-29,272290,이녹스첨단소재,832806299200.0,0.5156115615089595,28
2021-10-29,020150,일진머티리얼즈,4634138917500.0,0.5034984461237191,29
2021-10-29,035900,JYP Ent.,1860068580800.0,0.5020000812682192,30
2021-11-30,247540,에코프로비엠,11911037824400.0,0.9401758257189572,1
2021-11-30,004690,삼천리,339000090000.0,0.9104906951748195,2
2021-11-30,003670,포스코케미칼,12200457150000.0,0.905399249973936,3
2021-11-30,005070,코스모신소재,1295240571450.0,0.9014318300705213,4
2021-11-30,052020,에스티큐브,250722404600.0,0.8925054555896439,5
2021-11-30,094170,동운아나텍,116890414900.0,0.863915154129045,6
2021-11-30,214370,케어젠,669288900000.0,0.8433614780463164,7
2021-11-30,087010,펩트론,189973316130.0,0.8313106987893584,8
2021-11-30,298040,효성중공업,556675515600.0,0.813965337887449,9
2021-11-30,007660,이수페타시스,326983986230.0,0.8111412142490589,10
2021-11-30,002710,TCC스틸,152750000000.0,0.8086435400093898,11
2021-11-30,161580,필옵틱스,204915199500.0,0.8056161917527193,12
2021-11-30,095340,ISC,429330190200.0,0.7922048706526099,13
2021-11-30,032190,다우데이타,497900000000.0,0.7698055433054409,14
2021-11-30,041510,에스엠,1597816477300.0,0.7437512682169112,15
2021-11-30,058610,에스피지,210241372800.0,0.722822232595834,16
2021-11-30,267260,현대일렉트릭,785827543000.0,0.7198318572871101,17
2021-11-30,007810,코리아써키트,542096235450.0,0.7188172559158512,18
2021-11-30,094480,갤럭시아머니트리,541371764400.0,0.7185771577561364,19
2021-11-30,020150,일진머티리얼즈,5925242297500.0,0.7088387666626083,20
2021-11-30,047050,포스코인터내셔널,2307115286300.0,0.7003509103619336,21
2021-11-30,054210,이랜텍,283261552000.0,0.6672882248830948,22
2021-11-30,336370,솔루스첨단소재,2991678332400.0,0.6598835012011491,23
2021-11-30,060570,드림어스컴퍼니,298514196750.0,0.6427771858120818,24
2021-11-30,067310,하나마이크론,681809666650.0,0.6306890464768974,25
2021-11-30,122640,예스티,208358104450.0,0.6197868806490258,26
2021-11-30,079550,LIG넥스원,1181400000000.0,0.6161775487802327,27
2021-11-30,249420,일동제약,405846009250.0,0.610910507452533,28
2021-11-30,206640,바디텍메드,387528240000.0,0.6099499961694121,29
2021-11-30,078600,대주전자재료,1882440108800.0,0.6066178141478806,30
2021-12-30,002710,TCC스틸,227480000000.0,0.9163082293391462,1
2021-12-30,253590,네오셈,136392553620.0,0.9127009944597227,2
2021-12-30,094170,동운아나텍,154506277740.0,0.9124371737155971,3
2021-12-30,004690,삼천리,368196270000.0,0.9087605348774607,4
2021-12-30,052020,에스티큐브,254697271990.0,0.8945977924944362,5
2021-12-30,214370,케어젠,714409500000.0,0.888680910617829,6
2021-12-30,247540,에코프로비엠,10977268572800.0,0.8762111047419343,7
2021-12-30,005070,코스모신소재,1388509927350.0,0.8698011730681496,8
2021-12-30,003670,포스코케미칼,11154703680000.0,0.8529585739160114,9
2021-12-30,095340,ISC,584848640600.0,0.8481747100905785,10
2021-12-30,298040,효성중공업,543621148400.0,0.8369690245503635,11
2021-12-30,087010,펩트론,228958068300.0,0.835242328296829,12
2021-12-30,058610,에스피지,262801716000.0,0.8088208436036146,13
2021-12-30,005420,코스모화학,448548527700.0,0.8074295368274758,14
2021-12-30,003230,삼양식품,714129822000.0,0.7877332239222509,15
2021-12-30,047050,포스코인터내셔널,2769772095050.0,0.7857983579953146,16
2021-12-30,032190,다우데이타,578330000000.0,0.7506542993759512,17
2021-12-30,007660,이수페타시스,462331322890.0,0.7374598460342008,18
2021-12-30,007810,코리아써키트,736967431200.0,0.7360461735853409,19
2021-12-30,041510,에스엠,1761945854200.0,0.7344066442222851,20
2021-12-30,012450,한화에어로스페이스,2430240000000.0,0.7134975830576256,21
2021-12-30,267260,현대일렉트릭,717337986500.0,0.6984768430505609,22
2021-12-30,079550,LIG넥스원,1509200000000.0,0.6927999706194383,23
2021-12-30,095500,미래나노텍,246340349430.0,0.6644529743225658,24
2021-12-30,095660,네오위즈,795417255900.0,0.6638435544527963,25
2021-12-30,054210,이랜텍,313611004000.0,0.6576602713479883,26
2021-12-30,036930,주성엔지니어링,1013233452000.0,0.6525525201918793,27
2021-12-30,004430,송원산업,514800000000.0,0.6516123284584594,28
2021-12-30,033160,엠케이전자,403442246500.0,0.6396307387107582,29
2021-12-30,237690,에스티팜,2596915200000.0,0.6385423400384607,30
2022-01-28,004690,삼천리,383199862500.0,0.9479709093591904,1
2022-01-28,002710,TCC스틸,223250000000.0,0.9259255247114386,2
2022-01-28,052020,에스티큐브,238492043400.0,0.925310408067933,3
2022-01-28,094170,동운아나텍,148002600520.0,0.9129534114039236,4
2022-01-28,298040,효성중공업,489538770000.0,0.9100262744381611,5
2022-01-28,253590,네오셈,125277690825.0,0.9092552524027371,6
2022-01-28,214370,케어젠,683254800000.0,0.9070763906286833,7
2022-01-28,005070,코스모신소재,1195953837750.0,0.8658513541113673,8
2022-01-28,003670,포스코케미칼,8559685810000.0,0.8400561792327267,9
2022-01-28,087010,펩트론,182547649050.0,0.8400257867787511,10
2022-01-28,058610,에스피지,268346056000.0,0.837652969162589,11
2022-01-28,095340,ISC,526115608800.0,0.827968590774531,12
2022-01-28,005420,코스모화학,349644970350.0,0.8178671203980853,13
2022-01-28,012450,한화에어로스페이스,2420114000000.0,0.7889101963461254,14
2022-01-28,161580,필옵틱스,189205734480.0,0.7702993802310172,15
2022-01-28,003230,삼양식품,638799672000.0,0.760298374868466,16
2022-01-28,047050,포스코인터내셔널,2510684282150.0,0.7575794045815353,17
2022-01-28,267260,현대일렉트릭,629022505750.0,0.7528080651877032,18
2022-01-28,103590,일진전기,169086578400.0,0.7398456007681498,19
2022-01-28,122640,예스티,212680886700.0,0.7351706602853834,20
2022-01-28,032190,다우데이타,507475000000.0,0.7314496806688681,21
2022-01-28,060280,큐렉소,270935838900.0,0.6735288898468611,22
2022-01-28,004430,송원산업,465600000000.0,0.6682808746233524,23
2022-01-28,079550,LIG넥스원,1276000000000.0,0.6379716750617287,24
2022-01-28,054210,이랜텍,361664303000.0,0.6188767665016542,25
2022-01-28,033160,엠케이전자,333657641700.0,0.6187639042351553,26
2022-01-28,247540,에코프로비엠,7524460687800.0,0.5920206756870672,27
2022-01-28,249420,일동제약,767655941250.0,0.5902230741816519,28
2022-01-28,000490,대동,264569541500.0,0.5836159367693078,29
2022-01-28,007810,코리아써키트,690906966750.0,0.5826059152994656,30
2022-02-28,004690,삼천리,411585037500.0,0.9671542260099927,1
2022-02-28,002710,TCC스틸,224660000000.0,0.9509472065377452,2
2022-02-28,052020,에스티큐브,185901490240.0,0.9419357443146081,3
2022-02-28,298040,효성중공업,520309778400.0,0.9175815565833201,4
2022-02-28,094170,동운아나텍,133764820660.0,0.8884734995732467,5
2022-02-28,012450,한화에어로스페이스,2632760000000.0,0.8840718087508871,6
2022-02-28,214370,케어젠,631688400000.0,0.8828591356081297,7
2022-02-28,253590,네오셈,117553803120.0,0.874831330527181,8
2022-02-28,003670,포스코케미칼,8792075470000.0,0.8593235666965883,9
2022-02-28,087010,펩트론,193892418200.0,0.8563210003433039,10
2022-02-28,058610,에스피지,263910584000.0,0.851034415473099,11
2022-02-28,161580,필옵틱스,178519696320.0,0.8451791783331715,12
2022-02-28,005070,코스모신소재,1164362604300.0,0.8438112346203379,13
2022-02-28,047050,포스코인터내셔널,2547696826850.0,0.820071832237617,14
2022-02-28,005420,코스모화학,377505127350.0,0.8127930264397683,15
2022-02-28,122640,예스티,183285967400.0,0.8088403969792292,16
2022-02-28,103590,일진전기,178912881750.0,0.80720273170595,17
2022-02-28,267260,현대일렉트릭,735361554000.0,0.7852336250144992,18
2022-02-28,003230,삼양식품,660645415500.0,0.7768852490427869,19
2022-02-28,079550,LIG넥스원,1498200000000.0,0.7732829036846735,20
2022-02-28,095340,ISC,548083336500.0,0.7461473722116082,21
2022-02-28,032190,다우데이타,528540000000.0,0.7396648288027237,22
2022-02-28,036930,주성엔지니어링,1249654590800.0,0.7270745252790404,23
2022-02-28,007810,코리아써키트,745234694050.0,0.708889241985239,24
2022-02-28,060280,큐렉소,257890779990.0,0.7026151573532307,25
2022-02-28,010780,아이에스동서,1634218857400.0,0.7006497914138288,26
2022-02-28,000490,대동,287111341000.0,0.6899234245966052,27
2022-02-28,041510,에스엠,1763437274200.0,0.6855078117072715,28
2022-02-28,247540,에코프로비엠,8599383643200.0,0.6742506175645483,29
2022-02-28,004430,송원산업,486000000000.0,0.6738384182587284,30
2022-03-31,004690,삼천리,429832650000.0,0.9535673239146253,1
2022-03-31,002710,TCC스틸,254975000000.0,0.9426244595779828,2
2022-03-31,298040,효성중공업,570662337600.0,0.9244035735715921,3
2022-03-31,052020,에스티큐브,225650164140.0,0.9073151656376027,4
2022-03-31,214370,케어젠,1078597200000.0,0.8856810118613382,5
2022-03-31,253590,네오셈,139406753700.0,0.8736179747201354,6
2022-03-31,012450,한화에어로스페이스,2642886000000.0,0.8626937783483916,7
2022-03-31,005420,코스모화학,405365284350.0,0.8619005716988231,8
2022-03-31,047050,포스코인터내셔널,2652565703500.0,0.8579863880738917,9
2022-03-31,058610,에스피지,313809644000.0,0.8305187678026367,10
2022-03-31,087010,펩트론,216581956500.0,0.8294983385341025,11
2022-03-31,161580,필옵틱스,201987074240.0,0.8184683151934707,12
2022-03-31,094170,동운아나텍,123042542000.0,0.8145722016248539,13
2022-03-31,267260,현대일렉트릭,773211045750.0,0.8137539769029744,14
2022-03-31,103590,일진전기,208762595700.0,0.8071264601432199,15
2022-03-31,277810,레인보우로보틱스,390472178800.0,0.8069655713207271,16
2022-03-31,005070,코스모신소재,1102684481850.0,0.8058572003563406,17
2022-03-31,003670,포스코케미칼,9334318010000.0,0.7870151312021747,18
2022-03-31,122640,예스티,198847983500.0,0.7745432342553136,19
2022-03-31,083650,비에이치아이,163540000000.0,0.7686467198364313,20
2022-03-31,032190,다우데이타,557265000000.0,0.7661863408138035,21
2022-03-31,003230,삼양식품,702076998000.0,0.7637343637222475,22
2022-03-31,035600,KG이니시스,647382868800.0,0.7351213848104826,23
2022-03-31,000490,대동,332194940000.0,0.7039417134964168,24
2022-03-31,054210,이랜텍,436273372500.0,0.6848667667188876,25
2022-03-31,079550,LIG넥스원,1581800000000.0,0.6651305611396973,26
2022-03-31,014820,동원시스템즈,1719197407900.0,0.631516458481999,27
2022-03-31,035150,백산,255310000000.0,0.6237297191795979,28
2022-03-31,047810,한국항공우주,4123197026100.0,0.6196044004486397,29
2022-03-31,095340,ISC,517634262250.0,0.6133223307082218,30
2022-04-29,002710,TCC스틸,287875000000.0,0.9566896884360875,1
2022-04-29,005420,코스모화학,473622669000.0,0.9254208543320284,2
2022-04-29,005070,코스모신소재,1687874472900.0,0.9209895089114297,3
2022-04-29,047050,포스코인터내셔널,3047366180300.0,0.9192216245133045,4
2022-04-29,052020,에스티큐브,165721394260.0,0.9037990546943667,5
2022-04-29,004690,삼천리,458217825000.0,0.9025225910724781,6
2022-04-29,214370,케어젠,1396590000000.0,0.8930423107718981,7
2022-04-29,298040,효성중공업,520309778400.0,0.8836515371626301,8
2022-04-29,267260,현대일렉트릭,787629899750.0,0.8784352189282725,9
2022-04-29,003670,포스코케미칼,10534997920000.0,0.8733297540713847,10
2022-04-29,087010,펩트론,195336297910.0,0.8720147770743177,11
2022-04-29,253590,네오셈,156426800750.0,0.8709048772832227,12
2022-04-29,012450,한화에어로스페이스,2698579000000.0,0.8445299771366284,13
2022-04-29,277810,레인보우로보틱스,358201750800.0,0.8358798520196155,14
2022-04-29,058610,에스피지,362599836000.0,0.8214904140579159,15
2022-04-29,003230,삼양식품,740495374500.0,0.8137746818988032,16
2022-04-29,079550,LIG넥스원,1806200000000.0,0.7904604717777515,17
2022-04-29,054210,이랜텍,577904148500.0,0.7854076679239324,18
2022-04-29,103590,일진전기,208762595700.0,0.784441323398065,19
2022-04-29,122640,예스티,135562451360.0,0.7840890166930338,20
2022-04-29,000490,대동,352363918500.0,0.7667447906427088,21
2022-04-29,032190,다우데이타,540030000000.0,0.7430923586695629,22
2022-04-29,095340,ISC,624641008900.0,0.7370491282524033,23
2022-04-29,033240,자화전자,620235000000.0,0.7223043636890063,24
2022-04-29,014280,금강공업,296226505700.0,0.7108259220108406,25
2022-04-29,247540,에코프로비엠,10918833602400.0,0.6828849349551239,26
2022-04-29,001060,JW중외제약,685302702900.0,0.6708335919437144,27
2022-04-29,043650,국순당,195548428800.0,0.6624088802152488,28
2022-04-29,003220,대원제약,397539615200.0,0.6586045239650956,29
2022-04-29,035900,JYP Ent.,2108551024800.0,0.650723016857401,30
2022-05-31,002710,TCC스틸,273775000000.0,0.9331089259583336,1
2022-05-31,005420,코스모화학,484766731800.0,0.9326472340321791,2
2022-05-31,047050,포스코인터내셔널,2917822273850.0,0.9240402020169614,3
2022-05-31,298040,효성중공업,580919340400.0,0.9238643803234214,4
2022-05-31,003670,포스코케미칼,10108950210000.0,0.8848453330650763,5
2022-05-31,171090,선익시스템,171210693600.0,0.8806492700702823,6
2022-05-31,214370,케어젠,1122643500000.0,0.8760878972494377,7
2022-05-31,000250,삼천당제약,1023423442950.0,0.8749110646945357,8
2022-05-31,253590,네오셈,168815808140.0,0.8711942058996516,9
2022-05-31,003230,삼양식품,696803887500.0,0.8690413218563333,10
2022-05-31,052020,에스티큐브,183455418000.0,0.8684563795817722,11
2022-05-31,103590,일진전기,247697005200.0,0.867815562020668,12
2022-05-31,028300,HLB,4853588376000.0,0.8650567256476555,13
2022-05-31,277810,레인보우로보틱스,371916682700.0,0.8540874598518249,14
2022-05-31,247540,에코프로비엠,11574330330000.0,0.8502252289432748,15
2022-05-31,267260,현대일렉트릭,812862894250.0,0.8487876140508959,16
2022-05-31,005070,코스모신소재,1645752828300.0,0.8428576615374599,17
2022-05-31,192820,코스맥스,793330679100.0,0.8322312508543797,18
2022-05-31,032190,다우데이타,505560000000.0,0.8067933762898799,19
2022-05-31,086520,에코프로,2017197187500.0,0.7923918810062467,20
2022-05-31,006110,삼아알미늄,257400000000.0,0.7816736320346014,21
2022-05-31,122640,예스티,131758402980.0,0.7591249864538632,22
2022-05-31,012450,한화에어로스페이스,2728957000000.0,0.7589400129410259,23
2022-05-31,010690,화신,334537527800.0,0.7534597531107312,24
2022-05-31,004430,송원산업,606000000000.0,0.7523556399220439,25
2022-05-31,214150,클래시스,1140069955200.0,0.7512712174207385,26
2022-05-31,005690,파미셀,935359620000.0,0.7495164882868314,27
2022-05-31,010120,LS ELECTRIC,1536000000000.0,0.7340792454807377,28
2022-05-31,054210,이랜텍,586756072000.0,0.7284522195008246,29
2022-05-31,004690,삼천리,644748975000.0,0.7179274866504499,30
2022-06-30,002710,TCC스틸,279650000000.0,0.9451153858634793,1
2022-06-30,298040,효성중공업,587446524000.0,0.9435910126656694,2
2022-06-30,003230,삼양식품,764601022500.0,0.9377563600398595,3
2022-06-30,267260,현대일렉트릭,913794872250.0,0.92968034349737,4
2022-06-30,161580,필옵틱스,158321570400.0,0.9235349536734133,5
2022-06-30,103590,일진전기,259191926100.0,0.9148879041098646,6
2022-06-30,005420,코스모화학,423474386400.0,0.9137760983422923,7
2022-06-30,010120,LS ELECTRIC,1728000000000.0,0.9130300225768392,8
2022-06-30,083650,비에이치아이,183820000000.0,0.894113082779623,9
2022-06-30,047050,포스코인터내셔널,2374971618250.0,0.8833562211442155,10
2022-06-30,171090,선익시스템,152800941600.0,0.8819266523282357,11
2022-06-30,277810,레인보우로보틱스,374336964800.0,0.8819263221206105,12
2022-06-30,052020,에스티큐브,241515683220.0,0.8728272177713783,13
2022-06-30,003670,포스코케미칼,8288564540000.0,0.870684605380308,14
2022-06-30,005070,코스모신소재,1469703750200.0,0.8640793189953805,15
2022-06-30,028300,HLB,3783649173000.0,0.8636248331910418,16
2022-06-30,192820,코스맥스,641247258500.0,0.8601698299395064,17
2022-06-30,012450,한화에어로스페이스,2465681000000.0,0.8528236743550948,18
2022-06-30,032190,다우데이타,390660000000.0,0.8508163740175868,19
2022-06-30,000250,삼천당제약,767282981700.0,0.8429697069220357,20
2022-06-30,047810,한국항공우주,5244160756600.0,0.839261605744001,21
2022-06-30,071970,STX중공업,127505062120.0,0.8360038171182528,22
2022-06-30,253590,네오셈,129015270230.0,0.8296439168796484,23
2022-06-30,006110,삼아알미늄,184250000000.0,0.8238595197187957,24
2022-06-30,214370,케어젠,1036699500000.0,0.8213831276526833,25
2022-06-30,082740,HSD엔진,453663298660.0,0.8137539836027508,26
2022-06-30,033100,제룡전기,110188125740.0,0.8009004230188879,27
2022-06-30,214150,클래시스,923068003500.0,0.7976508702796399,28
2022-06-30,086520,에코프로,1750682650000.0,0.7972726707345847,29
2022-06-30,002140,고려산업,199016611500.0,0.7932722319400052,30
2022-07-29,002710,TCC스틸,327825000000.0,0.9421615717940154,1
2022-07-29,298040,효성중공업,559472880000.0,0.9383865377025874,2
2022-07-29,267260,현대일렉트릭,989493855750.0,0.9358663462844165,3
2022-07-29,012450,한화에어로스페이스,3260572000000.0,0.9294723987495427,4
2022-07-29,277810,레인보우로보틱스,428389931700.0,0.9290575868017512,5
2022-07-29,003230,삼양식품,775900545000.0,0.9163202736060836,6
2022-07-29,003670,포스코케미칼,10186413430000.0,0.9121527963139954,7
2022-07-29,005420,코스모화학,591639053200.0,0.9095039632050214,8
2022-07-29,161580,필옵틱스,160520481100.0,0.9088636424367651,9
2022-07-29,001570,금양,424528438600.0,0.9060198832481337,10
2022-07-29,064350,현대로템,2897727879150.0,0.9048137510939582,11
2022-07-29,083650,비에이치아이,201500000000.0,0.8998000235416462,12
2022-07-29,028300,HLB,4483731152750.0,0.8901259265053536,13
2022-07-29,103590,일진전기,249180220800.0,0.8897971783140806,14
2022-07-29,010120,LS ELECTRIC,1740000000000.0,0.8849136146822661,15
2022-07-29,171090,선익시스템,163002415200.0,0.8842950181349464,16
2022-07-29,086520,에코프로,2183463137500.0,0.8706168962381201,17
2022-07-29,122640,예스티,152112575010.0,0.8640818349441546,18
2022-07-29,052020,에스티큐브,538571558400.0,0.8552689952858883,19
2022-07-29,192820,코스맥스,784251071900.0,0.852367811377573,20
2022-07-29,007390,네이처셀,1497028028400.0,0.8496737352148207,21
2022-07-29,032190,다우데이타,440450000000.0,0.8393592155248539,22
2022-07-29,047810,한국항공우주,5556081099000.0,0.8355472275948705,23
2022-07-29,047050,포스코인터내셔널,2535359311950.0,0.8223001923149131,24
2022-07-29,000250,삼천당제약,795743032950.0,0.8206175826537293,25
2022-07-29,006110,삼아알미늄,219450000000.0,0.8145809718493092,26
2022-07-29,253590,네오셈,133822098480.0,0.8054015451108468,27
2022-07-29,005070,코스모신소재,1642880521600.0,0.8035101021987013,28
2022-07-29,033100,제룡전기,119986195230.0,0.7970661772901287,29
2022-07-29,060370,KT서브마린,142350000000.0,0.7921586810891715,30
2022-08-31,298040,효성중공업,689084097200.0,0.9623799565101421,1
2022-08-31,005420,코스모화학,854200763200.0,0.9568250263644407,2
2022-08-31,161580,필옵틱스,197682071930.0,0.953252300366479,3
2022-08-31,267260,현대일렉트릭,1151705963250.0,0.9526003391288096,4
2022-08-31,003230,삼양식품,839931172500.0,0.9500387826661386,5
2022-08-31,012450,한화에어로스페이스,4121282000000.0,0.9480802820274803,6
2022-08-31,047050,포스코인터내셔널,3312622750650.0,0.9444291284197271,7
2022-08-31,277810,레인보우로보틱스,496964591200.0,0.9424447038324594,8
2022-08-31,001570,금양,663735412850.0,0.9321525044134613,9
2022-08-31,086520,에코프로,2865671607900.0,0.9222456178344428,10
2022-08-31,064350,현대로템,3307011477900.0,0.9142426869878816,11
2022-08-31,003670,포스코케미칼,13013820960000.0,0.9071348079937837,12
2022-08-31,002710,TCC스틸,297275000000.0,0.9045446496381213,13
2022-08-31,122640,예스티,177201500300.0,0.9012691776686177,14
2022-08-31,083650,비에이치아이,293800000000.0,0.8996831362204192,15
2022-08-31,171090,선익시스템,163923332800.0,0.8946875067413771,16
2022-08-31,006110,삼아알미늄,293700000000.0,0.8809891078275383,17
2022-08-31,028300,HLB,5270341613300.0,0.8672343801366122,18
2022-08-31,005070,코스모신소재,1983103913200.0,0.86226427508435,19
2022-08-31,000250,삼천당제약,800296641150.0,0.862149324848504,20
2022-08-31,032190,다우데이타,465345000000.0,0.8440196356590686,21
2022-08-31,060370,KT서브마린,146292000000.0,0.843915194517887,22
2022-08-31,192820,코스맥스,712749165200.0,0.8300341492225485,23
2022-08-31,095660,네오위즈,869230214550.0,0.8150449196925608,24
2022-08-31,010120,LS ELECTRIC,1674000000000.0,0.80581381866246,25
2022-08-31,007390,네이처셀,1656752776200.0,0.8054385911966809,26
2022-08-31,077970,STX엔진,411859381600.0,0.80093215063675,27
2022-08-31,033100,제룡전기,131711753800.0,0.7985089905329481,28
2022-08-31,047810,한국항공우주,5945981527000.0,0.789045683955407,29
2022-08-31,052020,에스티큐브,879398896950.0,0.7678141558722528,30
2022-09-30,005420,코스모화학,798187598400.0,0.9638094709791921,1
2022-09-30,001570,금양,917190584600.0,0.9456887977294931,2
2022-09-30,086520,에코프로,2898459012800.0,0.9447914314937094,3
2022-09-30,277810,레인보우로보틱스,500998394700.0,0.9354173066510131,4
2022-09-30,171090,선익시스템,183262602400.0,0.9310952476927319,5
2022-09-30,012450,한화에어로스페이스,3113745000000.0,0.9283373017605526,6
2022-09-30,047050,포스코인터내셔널,2578540614100.0,0.9268248973016477,7
2022-09-30,267260,현대일렉트릭,1148101249750.0,0.9227649303961482,8
2022-09-30,298040,효성중공업,554810606000.0,0.9185159399606887,9
2022-09-30,003230,삼양식품,798499590000.0,0.9147333484031602,10
2022-09-30,028300,HLB,4580814160850.0,0.9112035894579874,11
2022-09-30,032190,다우데이타,538115000000.0,0.9084932047026919,12
2022-09-30,064350,현대로템,2761300012900.0,0.9017992894736719,13
2022-09-30,006110,삼아알미늄,245300000000.0,0.8896531813191877,14
2022-09-30,071970,STX중공업,104386791680.0,0.879544094820148,15
2022-09-30,003670,포스코케미칼,11619483000000.0,0.8752086277069502,16
2022-09-30,000250,삼천당제약,716054889450.0,0.8653079254464425,17
2022-09-30,192820,코스맥스,570880302700.0,0.8458519982365161,18
2022-09-30,033100,제룡전기,153235381860.0,0.8333470728587897,19
2022-09-30,214150,클래시스,874485477000.0,0.8330396724870609,20
2022-09-30,060370,KT서브마린,137970000000.0,0.8327855281439099,21
2022-09-30,122640,예스티,148205688500.0,0.8324926903313382,22
2022-09-30,052020,에스티큐브,1031246663800.0,0.8260833028716146,23
2022-09-30,213500,한솔제지,357008640000.0,0.8044765984583305,24
2022-09-30,095660,네오위즈,813044231100.0,0.8032746390576128,25
2022-09-30,005070,코스모신소재,1547863178000.0,0.8011812077494938,26
2022-09-30,247540,에코프로비엠,8616298406400.0,0.7846502953912128,27
2022-09-30,083650,비에이치아이,173420000000.0,0.7763250533134293,28
2022-09-30,042700,한미반도체,1068333343200.0,0.7744843428107604,29
2022-09-30,095500,미래나노텍,379872487750.0,0.759931193803854,30
2022-10-31,005420,코스모화학,882207345600.0,0.966434435227415,1
2022-10-31,001570,금양,1596376017500.0,0.957704814296731,2
2022-10-31,006110,삼아알미늄,308000000000.0,0.9488589722404547,3
2022-10-31,003670,포스코케미칼,15453912390000.0,0.9384820365313626,4
2022-10-31,086520,에코프로,3557313568000.0,0.9366386214016945,5
2022-10-31,003230,삼양식품,836164665000.0,0.9358289817988361,6
2022-10-31,277810,레인보우로보틱스,472761770200.0,0.9177226970785318,7
2022-10-31,047050,포스코인터내셔널,2547696826850.0,0.9119859396305628,8
2022-10-31,032190,다우데이타,595565000000.0,0.9105729899533674,9
2022-10-31,298040,효성중공업,535229055200.0,0.8999079045104913,10
2022-10-31,267260,현대일렉트릭,1238219087250.0,0.8934597704807385,11
2022-10-31,012450,한화에어로스페이스,3356769000000.0,0.8911043999843028,12
2022-10-31,028300,HLB,4329590980500.0,0.8780049190738384,13
2022-10-31,192820,코스맥스,519807512200.0,0.873442392429969,14
2022-10-31,000250,삼천당제약,695563652550.0,0.8623875843162199,15
2022-10-31,071970,STX중공업,107138433550.0,0.8582659461176027,16
2022-10-31,064350,현대로템,2657614834550.0,0.8575375553358268,17
2022-10-31,009520,포스코엠텍,309405283290.0,0.8523165927718767,18
2022-10-31,171090,선익시스템,123497792850.0,0.8457984490943721,19
2022-10-31,214150,클래시스,997561210800.0,0.8410329568315245,20
2022-10-31,247540,에코프로비엠,11256934694400.0,0.8380921393597226,21
2022-10-31,010120,LS ELECTRIC,1650000000000.0,0.8330664767011015,22
2022-10-31,005070,코스모신소재,2056665727600.0,0.8307899118608773,23
2022-10-31,042700,한미반도체,1167253097200.0,0.8121089718283173,24
2022-10-31,348370,엔켐,1142864940500.0,0.7986034791922486,25
2022-10-31,039030,이오테크닉스,803234660000.0,0.7781771796176166,26
2022-10-31,060370,KT서브마린,119355000000.0,0.7684529225003429,27
2022-10-31,122640,예스티,146039466500.0,0.7646413465777757,28
2022-10-31,033100,제룡전기,151950389140.0,0.7623839516705175,29
2022-10-31,095500,미래나노텍,454296485350.0,0.7420986232481003,30
2022-11-30,001570,금양,1692158578550.0,0.9636973415354695,1
2022-11-30,032190,다우데이타,1076230000000.0,0.9514845501823102,2
2022-11-30,000250,삼천당제약,1023423442950.0,0.9317476007831963,3
2022-11-30,086520,에코프로,3507210560000.0,0.9268068556315542,4
2022-11-30,064350,현대로템,3476182032050.0,0.9223056008334818,5
2022-11-30,028300,HLB,3479708306550.0,0.9092734343979972,6
2022-11-30,010120,LS ELECTRIC,1731000000000.0,0.9029687833557729,7
2022-11-30,006110,삼아알미늄,358050000000.0,0.8885141768933851,8
2022-11-30,000500,가온전선,116368345800.0,0.8783865628707647,9
2022-11-30,005070,코스모신소재,1937127779200.0,0.8783382162620756,10
2022-11-30,009520,포스코엠텍,424755570600.0,0.8762637390973821,11
2022-11-30,298040,효성중공업,789789215600.0,0.8710424297731021,12
2022-11-30,171090,선익시스템,183165265800.0,0.852019585903743,13
2022-11-30,042700,한미반도체,1325524703600.0,0.8454062843159376,14
2022-11-30,277810,레인보우로보틱스,554211417900.0,0.8362414602899764,15
2022-11-30,071970,STX중공업,136370906810.0,0.8310579183264495,16
2022-11-30,047050,포스코인터내셔널,2961003576000.0,0.8292428144733844,17
2022-11-30,047810,한국항공우주,4727542689500.0,0.8214872829352946,18
2022-11-30,028050,삼성엔지니어링,4811800000000.0,0.8175187708122065,19
2022-11-30,060370,KT서브마린,125487000000.0,0.8130950091334412,20
2022-11-30,012450,한화에어로스페이스,3675738000000.0,0.8124110564883927,21
2022-11-30,000150,두산,1607769145500.0,0.8059863974362749,22
2022-11-30,003230,삼양식품,839931172500.0,0.8047774812247789,23
2022-11-30,117730,티로보틱스,89652131100.0,0.7939114942701478,24
2022-11-30,079550,LIG넥스원,2035000000000.0,0.7786630203455257,25
2022-11-30,192820,코스맥스,690050147200.0,0.7609854063538404,26
2022-11-30,083420,그린케미칼,306000000000.0,0.7600736095005185,27
2022-11-30,067570,엔브이에이치코리아,133104207160.0,0.7542470468757326,28
2022-11-30,229640,LS전선아시아,249286515060.0,0.7499831093085677,29
2022-11-30,161580,필옵틱스,173054272090.0,0.7324510413430865,30
2022-12-29,000500,가온전선,123999057000.0,0.9622264658687513,1
2022-12-29,032190,다우데이타,1185385000000.0,0.9520945299043589,2
2022-12-29,001570,금양,1387395884300.0,0.9436189394811283,3
2022-12-29,000250,삼천당제약,997240195800.0,0.940239126989295,4
2022-12-29,006110,삼아알미늄,455400000000.0,0.9387728555719491,5
2022-12-29,071970,STX중공업,200937777360.0,0.9314374391992916,6
2022-12-29,028300,HLB,3307631247600.0,0.9100008192178547,7
2022-12-29,010120,LS ELECTRIC,1692000000000.0,0.9065175004791783,8
2022-12-29,192820,코스맥스,840998616900.0,0.8891053062845325,9
2022-12-29,064350,현대로템,3099641121200.0,0.8879777709512643,10
2022-12-29,086520,에코프로,2596628146000.0,0.8562376293602483,11
2022-12-29,012450,한화에어로스페이스,3726368000000.0,0.8415352816437205,12
2022-12-29,079550,LIG넥스원,2028400000000.0,0.8399742728661417,13
2022-12-29,298040,효성중공업,727314744000.0,0.8382855464244465,14
2022-12-29,171090,선익시스템,204904577650.0,0.8300208763233472,15
2022-12-29,005070,코스모신소재,1587709160800.0,0.8246807431969649,16
2022-12-29,117730,티로보틱스,85382982000.0,0.8219261590858665,17
2022-12-29,009520,포스코엠텍,332725196970.0,0.8017503317513912,18
2022-12-29,042700,한미반도체,1119401973000.0,0.7845055324683571,19
2022-12-29,018250,애경산업,551967641500.0,0.7844452584717356,20
2022-12-29,047050,포스코인터내셔널,2788278367400.0,0.7837356925797135,21
2022-12-29,033160,엠케이전자,244246116800.0,0.7764397844425267,22
2022-12-29,229640,LS전선아시아,223255367910.0,0.7737364820345681,23
2022-12-29,047810,한국항공우주,4961482946300.0,0.7727740843698273,24
2022-12-29,277810,레인보우로보틱스,578216826850.0,0.7550723104103756,25
2022-12-29,101530,해태제과식품,191879856980.0,0.7415409175013111,26
2022-12-29,119850,지엔씨에너지,58804849675.0,0.7333701638521369,27
2022-12-29,003220,대원제약,411837562500.0,0.7323277326239872,28
2022-12-29,103590,일진전기,196896870900.0,0.723235558373437,29
2022-12-29,042000,카페24,221822372280.0,0.7175333248192117,30
2023-01-31,032190,다우데이타,1895850000000.0,0.9609167737000295,1
2023-01-31,000500,가온전선,118530380640.0,0.958187170320696,2
2023-01-31,000250,삼천당제약,1095142772100.0,0.9575834026026575,3
2023-01-31,071970,STX중공업,217285811090.0,0.9238789218871876,4
2023-01-31,028300,HLB,3540563025600.0,0.9108477813340833,5
2023-01-31,006110,삼아알미늄,398750000000.0,0.8960817043018945,6
2023-01-31,117730,티로보틱스,113132451150.0,0.8941141584943408,7
2023-01-31,086520,에코프로,3101624070000.0,0.8884690976729528,8
2023-01-31,192820,코스맥스,888666554700.0,0.8857326542912604,9
2023-01-31,001570,금양,1532520976800.0,0.8767271420459728,10
2023-01-31,010120,LS ELECTRIC,1599000000000.0,0.8618193215935901,11
2023-01-31,064350,현대로템,3012327286800.0,0.856865544884144,12
2023-01-31,119850,지엔씨에너지,67193793265.0,0.8441249377256459,13
2023-01-31,012450,한화에어로스페이스,4070652000000.0,0.839745511978523,14
2023-01-31,042700,한미반도체,1383191481420.0,0.8382392206726421,15
2023-01-31,036810,에프에스티,496054789200.0,0.8312153105796063,16
2023-01-31,171090,선익시스템,185887981050.0,0.8194905126886711,17
2023-01-31,060370,KT서브마린,148107304720.0,0.8085335428774032,18
2023-01-31,009520,포스코엠텍,358543672830.0,0.8068591125860697,19
2023-01-31,047050,포스코인터내셔널,4125389378600.0,0.8023043698969684,20
2023-01-31,047810,한국항공우주,4688552646700.0,0.8019884136279711,21
2023-01-31,298040,효성중공업,669502546400.0,0.7950118653619855,22
2023-01-31,028050,삼성엔지니어링,5066600000000.0,0.7921606779753567,23
2023-01-31,000150,두산,1530107121000.0,0.7861278139756382,24
2023-01-31,086890,이수앱지스,220996568880.0,0.7811857971746633,25
2023-01-31,005070,코스모신소재,1811459679600.0,0.7767323399870776,26
2023-01-31,241710,코스메카코리아,108295200000.0,0.7731761569188024,27
2023-01-31,229640,LS전선아시아,223561616700.0,0.7716600633522289,28
2023-01-31,103140,풍산,1010275221900.0,0.7592175573014087,29
2023-01-31,018290,브이티지엠피,196558190100.0,0.7583239245787603,30
2023-02-28,001570,금양,2234926424500.0,0.9639006802872548,1
2023-02-28,000250,삼천당제약,1177107719700.0,0.9590596983019706,2
2023-02-28,032190,다우데이타,1859465000000.0,0.9322106802257887,3
2023-02-28,005070,코스모신소재,2375433590000.0,0.9210565048200178,4
2023-02-28,086520,에코프로,7211023387500.0,0.9110051904552621,5
2023-02-28,000500,가온전선,103777672320.0,0.9019000851751588,6
2023-02-28,028300,HLB,3761848214700.0,0.9013934505980691,7
2023-02-28,071970,STX중공업,190731828920.0,0.9003640137787522,8
2023-02-28,033160,엠케이전자,326461104330.0,0.896288769680284,9
2023-02-28,042700,한미반도체,1553535259920.0,0.8901375681340506,10
2023-02-28,211050,인카금융서비스,84057352800.0,0.881240692321658,11
2023-02-28,117730,티로보틱스,121919446800.0,0.8758941892494543,12
2023-02-28,064350,현대로템,2723100210350.0,0.8736576238323749,13
2023-02-28,012450,한화에어로스페이스,4556700000000.0,0.858730309311663,14
2023-02-28,204270,제이앤티씨,386427752880.0,0.8493638079222674,15
2023-02-28,006110,삼아알미늄,584798661000.0,0.846756489535083,16
2023-02-28,041510,에스엠,3038207167600.0,0.8447321219791126,17
2023-02-28,119850,지엔씨에너지,61518919660.0,0.8444031471975387,18
2023-02-28,192820,코스맥스,877317045700.0,0.8413943447295112,19
2023-02-28,010120,LS ELECTRIC,1506000000000.0,0.841001369451665,20
2023-02-28,229640,LS전선아시아,215292899370.0,0.8370597485200395,21
2023-02-28,036810,에프에스티,457980408450.0,0.8357261956690927,22
2023-02-28,171090,선익시스템,269328970050.0,0.8336510628849654,23
2023-02-28,048550,SM C&C,439875552000.0,0.8242723225512575,24
2023-02-28,042000,카페24,233970859200.0,0.8100985820411957,25
2023-02-28,024850,피에스엠씨,132878625150.0,0.8083703680277332,26
2023-02-28,025320,시노펙스,206994699225.0,0.8038142979488607,27
2023-02-28,323280,태성,67004845650.0,0.7983685593702801,28
2023-02-28,047810,한국항공우주,4396127325700.0,0.7953892634708108,29
2023-02-28,031980,피에스케이홀딩스,194061555000.0,0.7914461547358103,30
2023-03-31,001570,금양,4556927904500.0,0.963254240472772,1
2023-03-31,000250,삼천당제약,1845652842700.0,0.9448001298733381,2
2023-03-31,211050,인카금융서비스,102656840400.0,0.9279497879271048,3
2023-03-31,000500,가온전선,102124351560.0,0.9261413021692956,4
2023-03-31,042700,한미반도체,2014923551400.0,0.9171682173498334,5
2023-03-31,028300,HLB,4082154397750.0,0.9122490015231,6
2023-03-31,009520,포스코엠텍,862003952100.0,0.9098543814227329,7
2023-03-31,117730,티로보틱스,144206866430.0,0.901118723028152,8
2023-03-31,033160,엠케이전자,329296103900.0,0.8992171593929073,9
2023-03-31,024850,HLB이노베이션,197193939915.0,0.8936774017761526,10
2023-03-31,005070,코스모신소재,4717151348400.0,0.8848705772764754,11
2023-03-31,003670,포스코케미칼,21108727450000.0,0.8773852878124195,12
2023-03-31,028050,삼성엔지니어링,6213200000000.0,0.8740498187331504,13
2023-03-31,032190,다우데이타,1913085000000.0,0.8626114252277581,14
2023-03-31,229640,LS전선아시아,211617913890.0,0.861871718428339,15
2023-03-31,060370,KT서브마린,177676889200.0,0.8581477000586253,16
2023-03-31,036810,에프에스티,558061637850.0,0.8412483016912831,17
2023-03-31,000150,두산,1617683446500.0,0.8383231261078502,18
2023-03-31,010120,LS ELECTRIC,1695000000000.0,0.8245036651281223,19
2023-03-31,031980,피에스케이홀딩스,210233351250.0,0.8184250876557186,20
2023-03-31,015750,성우하이텍,588800000000.0,0.8122845340201601,21
2023-03-31,204270,제이앤티씨,429235617720.0,0.8100611966324484,22
2023-03-31,018290,브이티지엠피,211386264090.0,0.8099540248968806,23
2023-03-31,002710,TCC스틸,601342022600.0,0.8084147714774238,24
2023-03-31,012450,한화에어로스페이스,5022496000000.0,0.804838085323211,25
2023-03-31,065350,신성델타테크,322386710040.0,0.8039932868996872,26
2023-03-31,003160,디아이,170649000000.0,0.7953769329157132,27
2023-03-31,010690,화신,433711492200.0,0.7952534675797843,28
2023-03-31,042000,카페24,214848240900.0,0.7893614365405589,29
2023-03-31,161580,필옵틱스,231325405640.0,0.7844141282638768,30
2023-04-28,000500,가온전선,103078190460.0,0.9524628986303525,1
2023-04-28,001570,금양,3877742471600.0,0.9521443655540139,2
2023-04-28,211050,인카금융서비스,114371434800.0,0.9408220845094604,3
2023-04-28,117730,티로보틱스,229025865000.0,0.9250661319188987,4
2023-04-28,024850,HLB이노베이션,339186878100.0,0.9219714542594837,5
2023-04-28,000250,삼천당제약,1734622908800.0,0.9175309235905672,6
2023-04-28,042700,한미반도체,2000322656100.0,0.91136811439285,7
2023-04-28,010120,LS ELECTRIC,1896000000000.0,0.9075292891584381,8
2023-04-28,003670,포스코퓨처엠,25950178700000.0,0.894472097841128,9
2023-04-28,033160,엠케이전자,298116131810.0,0.8919785084735308,10
2023-04-28,298040,효성중공업,731977018000.0,0.8903384736503085,11
2023-04-28,047050,포스코인터내셔널,4714730718400.0,0.8881731963878083,12
2023-04-28,028300,HLB,4333089314400.0,0.8872025086531844,13
2023-04-28,009520,포스코엠텍,959864304150.0,0.8862851770196946,14
2023-04-28,047810,한국항공우주,5341635863600.0,0.8838148852062291,15
2023-04-28,229640,LS전선아시아,209780421150.0,0.8816511650905481,16
2023-04-28,064350,현대로템,3590781439700.0,0.8794159156669766,17
2023-04-28,005070,코스모신소재,5348556922000.0,0.877355292407619,18
2023-04-28,119850,지엔씨에너지,78461295930.0,0.873752344873472,19
2023-04-28,204270,제이앤티씨,476092875180.0,0.8693678231578578,20
2023-04-28,028050,삼성엔지니어링,5703600000000.0,0.8614347285556135,21
2023-04-28,002710,TCC스틸,1018002988800.0,0.8462537645251467,22
2023-04-28,103590,일진전기,259191926100.0,0.8388590860021229,23
2023-04-28,015750,성우하이텍,678400000000.0,0.8368319031884789,24
2023-04-28,003160,디아이,191025000000.0,0.8307985250163654,25
2023-04-28,060370,KT서브마린,168598508000.0,0.8296615883424054,26
2023-04-28,031980,피에스케이홀딩스,195139674750.0,0.821726256441179,27
2023-04-28,067570,엔브이에이치코리아,126375141200.0,0.8153861057930931,28
2023-04-28,010060,OCI,2857154645800.0,0.8098975010218664,29
2023-04-28,000150,두산,1540021422000.0,0.8092800927093885,30
2023-05-31,211050,인카금융서비스,142116526800.0,0.9462271588295558,1
2023-05-31,042700,한미반도체,2584358468100.0,0.9362254287002826,2
2023-05-31,000500,가온전선,116241167280.0,0.9273492254651101,3
2023-05-31,000150,두산,1607769145500.0,0.9233142427719163,4
2023-05-31,080220,제주반도체,180136016590.0,0.9209985028494367,5
2023-05-31,031980,피에스케이홀딩스,230070754650.0,0.9199541779470206,6
2023-05-31,009520,포스코엠텍,1022328358650.0,0.9147828131805349,7
2023-05-31,009540,HD한국조선해양,6808373759200.0,0.9143825224759602,8
2023-05-31,003160,디아이,200081000000.0,0.909113913411295,9
2023-05-31,115180,큐리언트,128840651040.0,0.9002598057150439,10
2023-05-31,241710,코스메카코리아,167676000000.0,0.8957168849754626,11
2023-05-31,117730,티로보틱스,281038412200.0,0.8944830107317746,12
2023-05-31,007660,이수페타시스,925295109970.0,0.8904464007109694,13
2023-05-31,298040,효성중공업,745963840000.0,0.8716420822854575,14
2023-05-31,388720,유일로보틱스,227821461300.0,0.8640208255413879,15
2023-05-31,010120,LS ELECTRIC,1911000000000.0,0.8631358144005211,16
2023-05-31,064350,현대로템,3377953968350.0,0.8583497772460196,17
2023-05-31,025320,시노펙스,237932161330.0,0.8572164991589778,18
2023-05-31,018290,브이티지엠피,216558848040.0,0.8550606210867575,19
2023-05-31,079550,LIG넥스원,1742400000000.0,0.8419050931404822,20
2023-05-31,033240,자화전자,747541377600.0,0.8400911276469694,21
2023-05-31,028300,HLB,4536449935000.0,0.8364980551421152,22
2023-05-31,089030,테크윙,269693316900.0,0.8340024714341547,23
2023-05-31,214430,아이쓰리시스템,165587508000.0,0.8300544134508951,24
2023-05-31,101490,에스앤에스텍,1188410163800.0,0.8256669364132347,25
2023-05-31,272210,한화시스템,2659984997120.0,0.8247771133038752,26
2023-05-31,042660,대우조선해양,3041690466150.0,0.8245463534501563,27
2023-05-31,267260,HD현대일렉트릭,1762704901500.0,0.8130211239106129,28
2023-05-31,127120,디엔에이링크,62135570420.0,0.8089584927618327,29
2023-05-31,010140,삼성중공업,5385600000000.0,0.8085163095949313,30
2023-06-30,009540,HD한국조선해양,8245068014000.0,0.9605583743562703,1
2023-06-30,298040,효성중공업,1071390565200.0,0.9547891810674474,2
2023-06-30,042660,한화오션,8176127142300.0,0.9540553901639209,3
2023-06-30,007660,이수페타시스,1783549015800.0,0.9474544273111951,4
2023-06-30,018290,브이티지엠피,342071024400.0,0.939043431956484,5
2023-06-30,000660,SK하이닉스,83865872448000.0,0.93636187550126,6
2023-06-30,000150,두산,1497059451000.0,0.9330665095273318,7
2023-06-30,089030,테크윙,311529399300.0,0.929712433323,8
2023-06-30,000500,가온전선,128132358900.0,0.9261449054595803,9
2023-06-30,031980,피에스케이홀딩스,458200893750.0,0.9257702626821731,10
2023-06-30,267260,HD현대일렉트릭,2346668488500.0,0.9228031850608935,11
2023-06-30,241710,코스메카코리아,262194000000.0,0.9220295360889359,12
2023-06-30,042700,한미반도체,2934779955300.0,0.920819233572944,13
2023-06-30,211050,인카금융서비스,146432430000.0,0.9202450204985582,14
2023-06-30,000880,한화,2245014113250.0,0.9197237160276887,15
2023-06-30,064350,현대로템,3989150809150.0,0.9176871373888492,16
2023-06-30,042000,카페24,313835912100.0,0.9070339804710625,17
2023-06-30,003160,디아이,214231000000.0,0.9019076942047471,18
2023-06-30,117730,티로보틱스,346665513950.0,0.9009043502919442,19
2023-06-30,214430,아이쓰리시스템,208938744000.0,0.9001943044165214,20
2023-06-30,080220,제주반도체,170492023350.0,0.8998248638315647,21
2023-06-30,025320,시노펙스,253357260930.0,0.8967620280376691,22
2023-06-30,010120,LS ELECTRIC,2379000000000.0,0.8789445131789442,23
2023-06-30,388720,유일로보틱스,201220838700.0,0.8786690186859359,24
2023-06-30,115180,큐리언트,113931711040.0,0.8766971841376724,25
2023-06-30,092200,디아이씨,240331356420.0,0.8680471683919079,26
2023-06-30,087010,펩트론,282175349040.0,0.8594370194440188,27
2023-06-30,232140,와이아이케이,365101807500.0,0.858664049998727,28
2023-06-30,079550,LIG넥스원,1784200000000.0,0.8568936126531748,29
2023-06-30,950160,코오롱티슈진,688521037650.0,0.8550180387405684,30
2023-07-31,298040,효성중공업,1627133626000.0,0.9682583156555951,1
2023-07-31,042660,한화오션,10138831403250.0,0.9651804181264592,2
2023-07-31,009540,HD한국조선해양,8726325202800.0,0.9567150029650672,3
2023-07-31,000150,두산,1759788427500.0,0.956256142197726,4
2023-07-31,000500,가온전선,144347620200.0,0.9559612473233052,5
2023-07-31,089030,테크윙,321241347000.0,0.9461000037942643,6
2023-07-31,007660,이수페타시스,2431824810550.0,0.9432017140032858,7
2023-07-31,000660,SK하이닉스,89835491841000.0,0.9407162534449014,8
2023-07-31,031980,피에스케이홀딩스,692152879500.0,0.9395069159546106,9
2023-07-31,010140,삼성중공업,7946400000000.0,0.9386139378382553,10
2023-07-31,042700,한미반도체,4720956147000.0,0.9382542779649646,11
2023-07-31,388720,유일로보틱스,202442211900.0,0.9366280920118627,12
2023-07-31,267260,HD현대일렉트릭,2678302130500.0,0.9365894665950855,13
2023-07-31,000880,한화,2312476974750.0,0.9332148978512977,14
2023-07-31,214430,아이쓰리시스템,254066670000.0,0.9162663013872159,15
2023-07-31,082740,HSD엔진,852088968540.0,0.9141606492060943,16
2023-07-31,018290,브이티,305499459800.0,0.9090435223162222,17
2023-07-31,010120,LS ELECTRIC,3171000000000.0,0.9054780859385262,18
2023-07-31,009520,포스코엠텍,1526205064950.0,0.9025657734847199,19
2023-07-31,950160,코오롱티슈진,636900136200.0,0.9008294731764978,20
2023-07-31,003160,디아이,221306000000.0,0.8991219473582057,21
2023-07-31,241710,코스메카코리아,302244000000.0,0.8932170791210277,22
2023-07-31,042000,카페24,285264470640.0,0.8815401172004796,23
2023-07-31,272210,한화시스템,2871574712800.0,0.8795195251499988,24
2023-07-31,080220,제주반도체,155853819325.0,0.87495163561148,25
2023-07-31,232140,와이아이케이,359358633000.0,0.8717706674362161,26
2023-07-31,025320,시노펙스,236326128660.0,0.8538627784769082,27
2023-07-31,065350,신성델타테크,417206330640.0,0.8444332533588488,28
2023-07-31,211050,인카금융서비스,154447678800.0,0.8437793929307651,29
2023-07-31,117730,티로보틱스,424768292000.0,0.8409077239993407,30
2023-08-31,298040,효성중공업,1869571874000.0,0.9794521015625755,1
2023-08-31,000150,두산,1943202996000.0,0.967011428781902,2
2023-08-31,009540,HD한국조선해양,8754634449200.0,0.9528241155245843,3
2023-08-31,000500,가온전선,150388599900.0,0.9520337389890678,4
2023-08-31,388720,유일로보틱스,216742765500.0,0.9515507665266578,5
2023-08-31,267260,HD현대일렉트릭,2537718304000.0,0.9452222992022009,6
2023-08-31,007660,이수페타시스,2172514492650.0,0.9448794220385053,7
2023-08-31,000660,SK하이닉스,88670688057000.0,0.9362016019391705,8
2023-08-31,025320,시노펙스,365412713400.0,0.9357960425644687,9
2023-08-31,018290,브이티,464300150790.0,0.935767626242029,10
2023-08-31,042660,한화오션,8317094851650.0,0.935440870366739,11
2023-08-31,010140,삼성중공업,7752800000000.0,0.9345753255293668,12
2023-08-31,031980,피에스케이홀딩스,584340904500.0,0.9326394313475422,13
2023-08-31,214430,아이쓰리시스템,277518978000.0,0.9302277983028717,14
2023-08-31,950160,코오롱티슈진,676161103500.0,0.9221656567332644,15
2023-08-31,042000,카페24,305062004880.0,0.9205203842263376,16
2023-08-31,115180,큐리언트,104458991520.0,0.9176922694379983,17
2023-08-31,042700,한미반도체,5820890259600.0,0.911869085423739,18
2023-08-31,229640,LS전선아시아,334117429890.0,0.9115069583568048,19
2023-08-31,065350,신성델타테크,1326100491000.0,0.903530887187352,20
2023-08-31,241710,코스메카코리아,302778000000.0,0.9014854268675336,21
2023-08-31,000880,한화,1873968375000.0,0.8981992094355805,22
2023-08-31,089030,테크윙,282020019750.0,0.8936442873005066,23
2023-08-31,010120,LS ELECTRIC,2994000000000.0,0.8919367215262209,24
2023-08-31,003160,디아이,219325000000.0,0.8838939311291523,25
2023-08-31,080220,제주반도체,152581750190.0,0.86910400262226,26
2023-08-31,117730,티로보틱스,572406203200.0,0.8662458966099447,27
2023-08-31,000250,삼천당제약,2027571192600.0,0.8618360706552277,28
2023-08-31,079550,LIG넥스원,1865600000000.0,0.8585328297282204,29
2023-08-31,082740,HSD엔진,771959695260.0,0.8548161242293747,30
2023-09-27,000150,두산,1872150505500.0,0.971305602774015,1
2023-09-27,298040,효성중공업,1585173160000.0,0.9658870300052375,2
2023-09-27,388720,유일로보틱스,198420181200.0,0.9470598610367639,3
2023-09-27,018290,브이티,726699542100.0,0.9406972673937845,4
2023-09-27,950160,코오롱티슈진,644170685700.0,0.9396109898371875,5
2023-09-27,267260,HD현대일렉트릭,2400739191000.0,0.934332216035855,6
2023-09-27,115180,큐리언트,76049123280.0,0.9293552473017741,7
2023-09-27,009540,HD한국조선해양,7855815876000.0,0.9273050803528418,8
2023-09-27,000660,SK하이닉스,83501871265500.0,0.9256843672849415,9
2023-09-27,214430,아이쓰리시스템,247670586000.0,0.9226072583217128,10
2023-09-27,031980,피에스케이홀딩스,471138330750.0,0.9161561541581967,11
2023-09-27,079550,LIG넥스원,1933800000000.0,0.9157868710496733,12
2023-09-27,089030,테크윙,251763567300.0,0.9124920218114516,13
2023-09-27,010140,삼성중공업,6899200000000.0,0.9116717609203974,14
2023-09-27,042660,한화오션,6712231699050.0,0.9027421719835935,15
2023-09-27,000500,가온전선,122282146980.0,0.8990784711164117,16
2023-09-27,025320,시노펙스,287036348940.0,0.8898175215905652,17
2023-09-27,000880,한화,1795261703250.0,0.8839121323612272,18
2023-09-27,174900,앱클론,205871245290.0,0.879316309432186,19
2023-09-27,065350,신성델타테크,1143332236800.0,0.8702962197638304,20
2023-09-27,298380,에이비엘바이오,908042539440.0,0.8701220177803233,21
2023-09-27,241710,코스메카코리아,291564000000.0,0.869178721360276,22
2023-09-27,007660,이수페타시스,1764575090100.0,0.8653683105870785,23
2023-09-27,010120,LS ELECTRIC,2802000000000.0,0.8650723240699484,24
2023-09-27,232140,와이아이케이,306849609000.0,0.8638420715489571,25
2023-09-27,003570,SNT다이내믹스,375755476100.0,0.8595844204902717,26
2023-09-27,042700,한미반도체,5129781215400.0,0.8367506154677038,27
2023-09-27,033290,코웰패션,633661675440.0,0.8341013226903382,28
2023-09-27,080220,제주반도체,140526758640.0,0.8331374137135473,29
2023-09-27,034020,두산에너빌리티,10524419628780.0,0.8197318604476441,30
2023-10-31,298040,효성중공업,1591700343600.0,0.9666591185945425,1
2023-10-31,388720,유일로보틱스,185460304500.0,0.9556419346816348,2
2023-10-31,079550,LIG넥스원,1916200000000.0,0.9366951478247197,3
2023-10-31,009540,HD한국조선해양,6390812374800.0,0.9330217959071466,4
2023-10-31,089030,테크윙,323109029250.0,0.9316753791192769,5
2023-10-31,267260,HD현대일렉트릭,2703535125000.0,0.931332220783618,6
2023-10-31,042660,한화오션,5118212216400.0,0.9280918744929418,7
2023-10-31,003570,SNT다이내믹스,436275384640.0,0.9263323332079327,8
2023-10-31,229640,LS전선아시아,341467400850.0,0.9242644719464651,9
2023-10-31,000150,두산,1229373324000.0,0.9218987143925159,10
2023-10-31,000880,한화,1664083917000.0,0.9183232244994245,11
2023-10-31,000660,SK하이닉스,84666675049500.0,0.9166944689160134,12
2023-10-31,018290,브이티,619305521100.0,0.9158404071892198,13
2023-10-31,277810,레인보우로보틱스,2714383386000.0,0.9156536598912985,14
2023-10-31,025320,시노펙스,294589937070.0,0.9033388168410196,15
2023-10-31,010140,삼성중공업,6001600000000.0,0.8980598693009185,16
2023-10-31,031980,피에스케이홀딩스,600512700750.0,0.8911993009100676,17
2023-10-31,174900,앱클론,170715007280.0,0.8895667121528686,18
2023-10-31,042000,카페24,278965255200.0,0.8686961288863166,19
2023-10-31,298380,에이비엘바이오,761970295490.0,0.8656003593181032,20
2023-10-31,000500,가온전선,100979744880.0,0.8621591160173045,21
2023-10-31,272210,한화시스템,2399276240300.0,0.861458632379753,22
2023-10-31,065350,신성델타테크,1056757800600.0,0.8581359466584005,23
2023-10-31,080220,제주반도체,136738047010.0,0.8568738965781004,24
2023-10-31,033290,코웰패션,649591717560.0,0.8547070641828504,25
2023-10-31,241710,코스메카코리아,385014000000.0,0.8517376964772536,26
2023-10-31,034020,두산에너빌리티,8596330579320.0,0.8505839315110357,27
2023-10-31,214430,아이쓰리시스템,190105830000.0,0.8351365653269276,28
2023-10-31,007660,이수페타시스,1369284971350.0,0.8266385987680931,29
2023-10-31,042700,한미반도체,5110313355000.0,0.8207808790207237,30
2023-11-30,042660,한화오션,8363597942700.0,0.9711059526282112,1
2023-11-30,277810,레인보우로보틱스,3441180009200.0,0.9600221854251934,2
2023-11-30,010140,삼성중공업,7022400000000.0,0.9470764536517325,3
2023-11-30,079550,LIG넥스원,2145000000000.0,0.941886749547539,4
2023-11-30,329180,HD현대중공업,11114394123200.0,0.940465485991671,5
2023-11-30,089030,테크윙,357100846200.0,0.9382649811656026,6
2023-11-30,012450,한화에어로스페이스,6374317000000.0,0.9380902469528571,7
2023-11-30,298040,효성중공업,1958155080000.0,0.93048903284868,8
2023-11-30,272210,한화시스템,3041602162900.0,0.9260184428370636,9
2023-11-30,267260,HD현대일렉트릭,3031564053500.0,0.9242161874639007,10
2023-11-30,009540,HD한국조선해양,7905357057200.0,0.9241239158255253,11
2023-11-30,115180,큐리언트,54030571350.0,0.9196242865303718,12
2023-11-30,003570,SNT다이내믹스,489479699840.0,0.9124208448547089,13
2023-11-30,000660,SK하이닉스,97479516673500.0,0.9048514112554696,14
2023-11-30,077970,STX엔진,276567026080.0,0.9019890594824612,15
2023-11-30,082920,비츠로셀,354455808000.0,0.8935674705663464,16
2023-11-30,174900,앱클론,186375573680.0,0.8882482281427925,17
2023-11-30,124500,아이티센,88200426100.0,0.8855467552152483,18
2023-11-30,007390,네이처셀,504275246160.0,0.884894998276004,19
2023-11-30,087010,펩트론,709563743200.0,0.8826643743606438,20
2023-11-30,322000,HD현대에너지솔루션,268240000000.0,0.8806541430859165,21
2023-11-30,000880,한화,1918943616000.0,0.8801389448009409,22
2023-11-30,298380,에이비엘바이오,946835496030.0,0.8780060022059115,23
2023-11-30,034020,두산에너빌리티,10120866106800.0,0.87719679244724,24
2023-11-30,082740,HSD엔진,706854660720.0,0.8767253037269684,25
2023-11-30,397030,에이프릴바이오,253496732500.0,0.8753448679727684,26
2023-11-30,032820,우리기술,206117811080.0,0.8744619917356191,27
2023-11-30,402340,SK스퀘어,7088032836000.0,0.872361067294819,28
2023-11-30,214430,아이쓰리시스템,235589094000.0,0.868928453981288,29
2023-11-30,281820,케이씨텍,552831234000.0,0.8609526466146837,30
2023-12-28,079550,LIG넥스원,2871000000000.0,0.9668603804683784,1
2023-12-28,042660,한화오션,7689608364900.0,0.9547960785513869,2
2023-12-28,329180,HD현대중공업,11451731964000.0,0.951606414788623,3
2023-12-28,397030,에이프릴바이오,363525101500.0,0.9465962969891357,4
2023-12-28,089030,테크윙,427699235250.0,0.9464414237624873,5
2023-12-28,087010,펩트론,830230833250.0,0.9422651296728435,6
2023-12-28,124500,아이티센,168026790240.0,0.9347376973614763,7
2023-12-28,010140,삼성중공업,6820000000000.0,0.9276117587511908,8
2023-12-28,272210,한화시스템,3279640593040.0,0.9218313576888839,9
2023-12-28,277810,레인보우로보틱스,3414023008000.0,0.9152569679137198,10
2023-12-28,012450,한화에어로스페이스,6303435000000.0,0.9123507112639044,11
2023-12-28,298380,에이비엘바이오,1178156459400.0,0.9111733278490222,12
2023-12-28,000660,SK하이닉스,103012334647500.0,0.9098629059650611,13
2023-12-28,267260,HD현대일렉트릭,2963074497000.0,0.9077690068043092,14
2023-12-28,009540,HD한국조선해양,8556469724400.0,0.9023298499971585,15
2023-12-28,077970,STX엔진,272655512400.0,0.9015313553434321,16
2023-12-28,003570,SNT다이내믹스,478838836800.0,0.9006866466289707,17
2023-12-28,388720,유일로보틱스,237746703600.0,0.894031610843812,18
2023-12-28,322000,HD현대에너지솔루션,313040000000.0,0.8932578296440842,19
2023-12-28,174900,앱클론,230160157500.0,0.8895361825115873,20
2023-12-28,115180,큐리언트,58075947210.0,0.8872332231377884,21
2023-12-28,082920,비츠로셀,368019168000.0,0.8845323951676346,22
2023-12-28,001440,대한전선,1254428784000.0,0.8831867542433967,23
2023-12-28,007390,네이처셀,512615676440.0,0.8806738108100586,24
2023-12-28,402340,SK스퀘어,7310402493600.0,0.8791087093763595,25
2023-12-28,080220,제주반도체,471866812100.0,0.8767426381786303,26
2023-12-28,032820,우리기술,197657751670.0,0.8757437264974043,27
2023-12-28,298040,효성중공업,1509644321200.0,0.873303945608307,28
2023-12-28,082740,HSD엔진,700415701260.0,0.8664048954694851,29
2023-12-28,034020,두산에너빌리티,10184922221400.0,0.8566462733576786,30
2024-01-31,042660,한화오션,6724577833050.0,0.9546717994900036,1
2024-01-31,012450,한화에어로스페이스,6992003000000.0,0.9543532735775774,2
2024-01-31,329180,HD현대중공업,10129012535600.0,0.9469516105911174,3
2024-01-31,000880,한화,2042625528750.0,0.9431072828093564,4
2024-01-31,267260,HD현대일렉트릭,3702040764500.0,0.9429618348791334,5
2024-01-31,124500,아이티센,243763045100.0,0.936796612288198,6
2024-01-31,009540,HD한국조선해양,8032748666000.0,0.9357715638285306,7
2024-01-31,089030,테크윙,595043564850.0,0.9348400370180137,8
2024-01-31,079550,LIG넥스원,2312200000000.0,0.9246397949719035,9
2024-01-31,277810,레인보우로보틱스,2795519537800.0,0.9193108724767293,10
2024-01-31,080220,제주반도체,892069374700.0,0.9191640756302539,11
2024-01-31,950160,코오롱티슈진,849927236550.0,0.9172763586349202,12
2024-01-31,065350,신성델타테크,2025566967600.0,0.9134204236336282,13
2024-01-31,001440,대한전선,1158604363000.0,0.9067388987753926,14
2024-01-31,010140,삼성중공업,6432800000000.0,0.9034601996873928,15
2024-01-31,397030,에이프릴바이오,280661737400.0,0.9008914658839029,16
2024-01-31,082920,비츠로셀,397858560000.0,0.8980165733471169,17
2024-01-31,368770,파이버프로,119260836750.0,0.8922977479548022,18
2024-01-31,294870,HDC현대산업개발,1182377500200.0,0.8903326130624398,19
2024-01-31,402340,SK스퀘어,7213115768400.0,0.8891802962501375,20
2024-01-31,077970,STX엔진,268974087760.0,0.8857339689015604,21
2024-01-31,032820,우리기술,195042824216.0,0.8856661902189633,22
2024-01-31,087010,펩트론,498138499950.0,0.8830915464828847,23
2024-01-31,272210,한화시스템,2918804560050.0,0.8822491534299924,24
2024-01-31,322000,HD현대에너지솔루션,267120000000.0,0.8791900930522261,25
2024-01-31,007390,네이처셀,491443814960.0,0.8769430912562606,26
2024-01-31,100840,SNT에너지,165898313100.0,0.8767895670821667,27
2024-01-31,000660,SK하이닉스,98061918565500.0,0.8765500324397787,28
2024-01-31,187660,에이디엠코리아,58848693750.0,0.8743661546129843,29
2024-01-31,388720,유일로보틱스,216295873200.0,0.8715798782906211,30
2024-02-29,012450,한화에어로스페이스,9493125000000.0,0.9762139327122022,1
2024-02-29,000880,한화,2203786809000.0,0.9720351653607406,2
2024-02-29,079550,LIG넥스원,3150400000000.0,0.9675246021918862,3
2024-02-29,329180,HD현대중공업,10466350376400.0,0.9534936261476097,4
2024-02-29,267260,HD현대일렉트릭,4484263594000.0,0.9533795211625609,5
2024-02-29,124500,아이티센,248219391600.0,0.9433570683178382,6
2024-02-29,000660,SK하이닉스,113713969413000.0,0.9424501338795581,7
2024-02-29,089030,테크윙,767617404750.0,0.9414234970366779,8
2024-02-29,080220,제주반도체,933400774300.0,0.937267056257355,9
2024-02-29,402340,SK스퀘어,9714774416400.0,0.9371127845394456,10
2024-02-29,042660,한화오션,7230070016400.0,0.9276282084351919,11
2024-02-29,064350,현대로템,3650809700850.0,0.9261755453924677,12
2024-02-29,010140,삼성중공업,6952000000000.0,0.9252259461063013,13
2024-02-29,174900,앱클론,270228525000.0,0.923636111660847,14
2024-02-29,071320,지역난방공사,534359035600.0,0.9203024083712754,15
2024-02-29,277810,레인보우로보틱스,3131137081200.0,0.9196680837298552,16
2024-02-29,009540,HD한국조선해양,7919511680400.0,0.9183264465429725,17
2024-02-29,039490,키움증권,3296696944200.0,0.9098572340725862,18
2024-02-29,187660,에이디엠코리아,59612962500.0,0.9075444555884934,19
2024-02-29,032820,우리기술,199503582814.0,0.9006313537322032,20
2024-02-29,083650,비에이치아이,257147756250.0,0.9003313595585305,21
2024-02-29,103140,풍산,1209247595700.0,0.898887475978139,22
2024-02-29,082920,비츠로셀,384747312000.0,0.8980093348817709,23
2024-02-29,232140,와이아이케이,548062938000.0,0.8968615751920639,24
2024-02-29,012630,HDC,483310522890.0,0.8958233790948994,25
2024-02-29,950160,코오롱티슈진,728006300000.0,0.8906060250649848,26
2024-02-29,368770,파이버프로,112525720625.0,0.8889531088940482,27
2024-02-29,047810,한국항공우주,5000472989100.0,0.888537878956159,28
2024-02-29,272210,한화시스템,3149286214630.0,0.8884812412250597,29
2024-02-29,281820,케이씨텍,783351427800.0,0.8868450345326664,30
2024-03-29,042660,한화오션,8455505612400.0,0.9751387195077927,1
2024-03-29,089030,테크윙,1292436117000.0,0.9709024428906897,2
2024-03-29,298040,효성중공업,2648171632000.0,0.9666774505091741,3
2024-03-29,012450,한화에어로스페이스,10353835000000.0,0.9658149163380904,4
2024-03-29,267260,HD현대일렉트릭,6466856019000.0,0.9537817613301927,5
2024-03-29,000880,한화,2027633781750.0,0.9501935390084721,6
2024-03-29,950160,코오롱티슈진,942768158500.0,0.9484455851505,7
2024-03-29,010140,삼성중공업,7532800000000.0,0.9478516766500653,8
2024-03-29,329180,HD현대중공업,10475227688000.0,0.9470769233036034,9
2024-03-29,079550,LIG넥스원,3924800000000.0,0.9425589309279837,10
2024-03-29,402340,SK스퀘어,10979501844000.0,0.9403230149904844,11
2024-03-29,100840,SNT에너지,229330021050.0,0.9396761836513907,12
2024-03-29,174900,앱클론,313685431100.0,0.9386715835846442,13
2024-03-29,007390,네이처셀,607568267320.0,0.9383624987947654,14
2024-03-29,033100,제룡전기,701927273300.0,0.9331664918090118,15
2024-03-29,039490,키움증권,3191790120200.0,0.930294171852126,16
2024-03-29,082920,비츠로셀,408935304000.0,0.9160160051267588,17
2024-03-29,077970,STX엔진,298425484880.0,0.9136248995520049,18
2024-03-29,178320,서진시스템,958306371000.0,0.9088671315906353,19
2024-03-29,168360,펨트론,239067429320.0,0.907652248109803,20
2024-03-29,083650,비에이치아이,278499375000.0,0.9071776307599982,21
2024-03-29,087010,펩트론,585802625200.0,0.9066671046210777,22
2024-03-29,034020,두산에너빌리티,11030462934120.0,0.9055075062305,23
2024-03-29,009540,HD한국조선해양,8379536934400.0,0.9045053888635004,24
2024-03-29,071320,지역난방공사,423782030400.0,0.9042533113363678,25
2024-03-29,187660,에이디엠코리아,73260618750.0,0.9005926910339968,26
2024-03-29,397030,에이프릴바이오,353962453100.0,0.8963005532147892,27
2024-03-29,103140,풍산,1415226039000.0,0.8919026500164373,28
2024-03-29,000520,삼일제약,218275501510.0,0.8905318767843972,29
2024-03-29,281820,케이씨텍,946071564600.0,0.8902509707261713,30
2024-04-30,042660,한화오션,9818802712950.0,0.9839030712337182,1
2024-04-30,329180,HD현대중공업,12224058073200.0,0.9764340269266703,2
2024-04-30,012450,한화에어로스페이스,10708245000000.0,0.9707686890561801,3
2024-04-30,298040,효성중공업,2918583524000.0,0.969547290908487,4
2024-04-30,010120,LS ELECTRIC,5298000000000.0,0.9669402930909169,5
2024-04-30,089030,테크윙,1298039163750.0,0.9655678189811863,6
2024-04-30,010140,삼성중공업,8316000000000.0,0.9647895465144648,7
2024-04-30,267260,HD현대일렉트릭,8903642345000.0,0.9589033698650156,8
2024-04-30,001440,대한전선,2565514848000.0,0.9511763989590536,9
2024-04-30,033100,제룡전기,997475598900.0,0.9510426583979298,10
2024-04-30,000880,한화,2050121402250.0,0.9510396071554598,11
2024-04-30,082740,한화엔진,1065620003340.0,0.9490714696796698,12
2024-04-30,950160,코오롱티슈진,898730162000.0,0.9461331938796322,13
2024-04-30,039490,키움증권,3472415874400.0,0.9455620659909583,14
2024-04-30,174900,앱클론,271149029710.0,0.9431340535469618,15
2024-04-30,103140,풍산,1821578070000.0,0.9405825695133251,16
2024-04-30,077970,STX엔진,315912251920.0,0.9387482461854536,17
2024-04-30,007390,네이처셀,579339118680.0,0.9334063732935137,18
2024-04-30,079550,LIG넥스원,3537600000000.0,0.9293167844582332,19
2024-04-30,009540,HD한국조선해양,9306664754000.0,0.9249036623860826,20
2024-04-30,272210,한화시스템,3717933575520.0,0.9234272131910186,21
2024-04-30,082920,비츠로셀,393563496000.0,0.917570759785962,22
2024-04-30,052020,에스티큐브,306781215930.0,0.9158825557756861,23
2024-04-30,087010,펩트론,598178737000.0,0.9123807926934614,24
2024-04-30,006340,대원전선,245556798125.0,0.9112138894121297,25
2024-04-30,368770,파이버프로,127474393000.0,0.9111308714984455,26
2024-04-30,402340,SK스퀘어,10308371940000.0,0.9080452681212501,27
2024-04-30,012630,HDC,523934893170.0,0.9065975838284562,28
2024-04-30,083650,비에이치아이,268906618750.0,0.9063774917523323,29
2024-04-30,099320,쎄트렉아이,565085944800.0,0.9047481236817063,30
2024-05-31,298040,효성중공업,4121450216000.0,0.9726176232298571,1
2024-05-31,083650,비에이치아이,349361993750.0,0.9680191856234117,2
2024-05-31,042660,한화오션,9098859300300.0,0.9671278614270409,3
2024-05-31,012450,한화에어로스페이스,10379150000000.0,0.9667876984144596,4
2024-05-31,087010,펩트론,761130875700.0,0.9590189900111685,5
2024-05-31,052020,에스티큐브,284367976410.0,0.9589761743705495,6
2024-05-31,042700,한미반도체,15683870617800.0,0.9583658688727079,7
2024-05-31,034020,두산에너빌리티,13323671836800.0,0.9511524451484574,8
2024-05-31,001440,대한전선,3115534383000.0,0.9484942513264824,9
2024-05-31,010140,삼성중공업,8060800000000.0,0.9455658490340092,10
2024-05-31,368770,파이버프로,158357364500.0,0.9448868201048217,11
2024-05-31,033100,제룡전기,1180587061500.0,0.9441186890827182,12
2024-05-31,006340,대원전선,269550134125.0,0.9404452680997388,13
2024-05-31,329180,HD현대중공업,11425100029200.0,0.9389473788561228,14
2024-05-31,032820,우리기술,375932666340.0,0.9377145880928521,15
2024-05-31,007390,네이처셀,769244300440.0,0.9318041906258615,16
2024-05-31,099320,쎄트렉아이,522375960600.0,0.9229579386053253,17
2024-05-31,082740,한화엔진,1044758217840.0,0.9203768691379511,18
2024-05-31,187660,에이디엠코리아,72277987500.0,0.9152966145519442,19
2024-05-31,079550,LIG넥스원,3524400000000.0,0.9151095898480057,20
2024-05-31,103140,풍산,1734702808200.0,0.9138370997906055,21
2024-05-31,031980,피에스케이홀딩스,1183775485500.0,0.911000726385116,22
2024-05-31,082920,비츠로셀,481499280000.0,0.9109787545740352,23
2024-05-31,082270,젬백스,438336147040.0,0.9068724412734296,24
2024-05-31,327260,RF머트리얼즈,95970168780.0,0.9043464665237153,25
2024-05-31,010120,LS ELECTRIC,6405000000000.0,0.9040354095483779,26
2024-05-31,277810,레인보우로보틱스,3074877493000.0,0.9028128523146729,27
2024-05-31,322000,HD현대에너지솔루션,399280000000.0,0.8964492052044881,28
2024-05-31,000880,한화,2027633781750.0,0.8862844241140819,29
2024-05-31,036810,에프에스티,756048417750.0,0.8836119718121938,30
2024-06-28,012450,한화에어로스페이스,12632185000000.0,0.9764394790609191,1
2024-06-28,329180,HD현대중공업,13821974161200.0,0.9633587552150921,2
2024-06-28,077970,STX엔진,393452258400.0,0.9582088002013622,3
2024-06-28,087010,펩트론,1019440222500.0,0.9581114558199794,4
2024-06-28,042700,한미반도체,16712003138200.0,0.9556973069153997,5
2024-06-28,006340,대원전선,331407953500.0,0.9511177960196232,6
2024-06-28,082740,한화엔진,1304278829460.0,0.9501714866746244,7
2024-06-28,010140,삼성중공업,8228000000000.0,0.9451526755243397,8
2024-06-28,031980,피에스케이홀딩스,1509367650000.0,0.9428944136150808,9
2024-06-28,052020,에스티큐브,261487794400.0,0.9412746526441809,10
2024-06-28,079550,LIG넥스원,4840000000000.0,0.940517144441823,11
2024-06-28,001440,대한전선,3087567288000.0,0.9402186074187326,12
2024-06-28,083650,비에이치아이,303873762500.0,0.9391298760034829,13
2024-06-28,033100,제룡전기,1469710423500.0,0.9315275421951862,14
2024-06-28,082920,비츠로셀,491752579500.0,0.9287287267677441,15
2024-06-28,368770,파이버프로,138316287250.0,0.9279797671658423,16
2024-06-28,298040,효성중공업,3226293608000.0,0.9273862005564053,17
2024-06-28,042660,한화오션,9359264364450.0,0.9272006546723854,18
2024-06-28,034020,두산에너빌리티,12875279034600.0,0.9271195038556653,19
2024-06-28,101930,인화정공,211267460900.0,0.9176024435836813,20
2024-06-28,032820,우리기술,330136805635.0,0.9147976717421411,21
2024-06-28,323280,태성,294614529300.0,0.9139021903419815,22
2024-06-28,168360,펨트론,149017988000.0,0.9115966193642273,23
2024-06-28,187660,에이디엠코리아,65508750000.0,0.9061965762991968,24
2024-06-28,014620,성광벤드,330044000000.0,0.9047121744400359,25
2024-06-28,010130,고려아연,10662190745000.0,0.9045231608235674,26
2024-06-28,000880,한화,2012642034750.0,0.9026371386800234,27
2024-06-28,075580,세진중공업,570768538240.0,0.9004115984647786,28
2024-06-28,082270,젬백스,416739293080.0,0.9000545958576843,29
2024-06-28,103140,풍산,1773936797400.0,0.8880116184756311,30
2024-07-31,012450,한화에어로스페이스,14581440000000.0,0.9851322158544397,1
2024-07-31,329180,HD현대중공업,18731127476000.0,0.9809622086341158,2
2024-07-31,087010,펩트론,1363385100000.0,0.9684282427368506,3
2024-07-31,014620,성광벤드,409266000000.0,0.946573558192999,4
2024-07-31,031980,피에스케이홀딩스,1153588132500.0,0.9463858396738835,5
2024-07-31,095340,ISC,1045014959400.0,0.942252699083394,6
2024-07-31,042700,한미반도체,12725564780800.0,0.9406062778978054,7
2024-07-31,082270,젬백스,424338186140.0,0.9360938126016877,8
2024-07-31,010140,삼성중공업,10304800000000.0,0.9346684958491139,9
2024-07-31,052020,에스티큐브,256351427010.0,0.9288569119529897,10
2024-07-31,077970,STX엔진,371593799600.0,0.925866994274611,11
2024-07-31,007390,네이처셀,699954571960.0,0.923409394923496,12
2024-07-31,079550,LIG넥스원,4400000000000.0,0.9224006364073248,13
2024-07-31,071970,STX중공업,658139020450.0,0.9223256250312355,14
2024-07-31,323280,태성,291774249000.0,0.920679239172334,15
2024-07-31,082740,한화엔진,1200804373380.0,0.9157436890907775,16
2024-07-31,098460,고영,795022062900.0,0.9154439676791143,17
2024-07-31,032820,우리기술,378084534240.0,0.9153849807120216,18
2024-07-31,101490,에스앤에스텍,640325692950.0,0.9119344360739683,19
2024-07-31,083650,비에이치아이,279737150000.0,0.9104587563023778,20
2024-07-31,168360,펨트론,108357365560.0,0.9092333949902479,21
2024-07-31,033240,자화전자,456410922000.0,0.9062619359726307,22
2024-07-31,214370,케어젠,1213959000000.0,0.9051067695657895,23
2024-07-31,082920,비츠로셀,458587870650.0,0.9020652756793501,24
2024-07-31,348340,뉴로메카,247378036500.0,0.9019467051547716,25
2024-07-31,023160,태광,431685000000.0,0.8990037138603427,26
2024-07-31,310210,보로노이,1384177995000.0,0.8963644026967378,27
2024-07-31,101930,인화정공,217315565800.0,0.8951613260099222,28
2024-07-31,420770,기가비스,574845625300.0,0.8945363444860503,29
2024-07-31,034020,두산에너빌리티,12061766379180.0,0.8941041518751687,30
2024-08-30,012450,한화에어로스페이스,14682700000000.0,0.9837982794930729,1
2024-08-30,329180,HD현대중공업,17204229880800.0,0.9715155676613766,2
2024-08-30,014620,성광벤드,453024000000.0,0.9603977890643054,3
2024-08-30,087010,펩트론,1029768897500.0,0.9567815602730615,4
2024-08-30,077970,STX엔진,480886093600.0,0.9508363611776371,5
2024-08-30,042700,한미반도체,11105771093000.0,0.9466701044867852,6
2024-08-30,347700,라이프시맨틱스,53818314910.0,0.9421392410464927,7
2024-08-30,082270,젬백스,417139234820.0,0.9396880320175949,8
2024-08-30,042660,한화오션,10586582762700.0,0.9396098254960262,9
2024-08-30,095340,ISC,1148880543600.0,0.9373387441332215,10
2024-08-30,052020,에스티큐브,282033263960.0,0.9369239857334531,11
2024-08-30,323280,태성,485429724000.0,0.9357945951018396,12
2024-08-30,033160,엠케이전자,183150547300.0,0.9356132634660436,13
2024-08-30,348340,뉴로메카,257927206500.0,0.9303516803574156,14
2024-08-30,010140,삼성중공업,9231200000000.0,0.9280579247382602,15
2024-08-30,082920,비츠로셀,456758093610.0,0.9275253380427416,16
2024-08-30,098460,고영,738038616250.0,0.9227609871804906,17
2024-08-30,033240,자화전자,470812237500.0,0.9187232959460013,18
2024-08-30,131290,티에스이,538691592300.0,0.9160767768464928,19
2024-08-30,031980,피에스케이홀딩스,1140650695500.0,0.9149200075087784,20
2024-08-30,101490,에스앤에스텍,569535917850.0,0.9147034866563267,21
2024-08-30,168360,펨트론,81108362040.0,0.9123065033355582,22
2024-08-30,214370,케어젠,923898000000.0,0.9120760962871614,23
2024-08-30,082740,한화엔진,1154073973860.0,0.9018417662964006,24
2024-08-30,017960,한국카본,622901424000.0,0.901143927874198,25
2024-08-30,071970,HD현대마린엔진,657318029820.0,0.9009000872571832,26
2024-08-30,310210,보로노이,1566925678000.0,0.8972360253426156,27
2024-08-30,420770,기가비스,493720774100.0,0.8970678163402259,28
2024-08-30,368770,파이버프로,123203343750.0,0.8965882891597329,29
2024-08-30,010130,고려아연,11076256405000.0,0.8934665173627269,30
2024-09-30,012450,한화에어로스페이스,13537604817000.0,0.96964047760782,1
2024-09-30,010130,고려아연,14243858704000.0,0.9681391675851915,2
2024-09-30,082270,젬백스,790284878240.0,0.9647357428795471,3
2024-09-30,052020,에스티큐브,272694414160.0,0.95490623049636,4
2024-09-30,323280,태성,699741783000.0,0.9506339629956021,5
2024-09-30,095340,ISC,1227309658200.0,0.9428602569365907,6
2024-09-30,087010,펩트론,1061787790000.0,0.942398524931731,7
2024-09-30,310210,보로노이,1755101510000.0,0.9384519107710172,8
2024-09-30,226950,올릭스,283801885840.0,0.9337888897106773,9
2024-09-30,348340,뉴로메카,242103451500.0,0.9316806305146489,10
2024-09-30,329180,HD현대중공업,16387517213600.0,0.9266781088799346,11
2024-09-30,033240,자화전자,389278635900.0,0.9256147929892559,12
2024-09-30,098460,고영,726367307900.0,0.9249193542074089,13
2024-09-30,214370,케어젠,1039385250000.0,0.9187575860010635,14
2024-09-30,347700,라이프시맨틱스,57683893045.0,0.9184296689196126,15
2024-09-30,101490,에스앤에스텍,555592477300.0,0.9182245547202296,16
2024-09-30,042700,한미반도체,10504410562200.0,0.9171549146130629,17
2024-09-30,031980,피에스케이홀딩스,956292218250.0,0.9168852250003069,18
2024-09-30,033160,엠케이전자,176530648000.0,0.9118348212474101,19
2024-09-30,014620,성광벤드,394680000000.0,0.9094781931726068,20
2024-09-30,010140,삼성중공업,8826400000000.0,0.9055157828493032,21
2024-09-30,131290,티에스이,547540735500.0,0.9042530686653346,22
2024-09-30,077970,STX엔진,416921340480.0,0.9007755935281349,23
2024-09-30,000520,삼일제약,345771155990.0,0.8982195185690484,24
2024-09-30,084370,유진테크,869663793900.0,0.8873364408040386,25
2024-09-30,168360,펨트론,105164122960.0,0.8857014944352206,26
2024-09-30,420770,기가비스,503227592600.0,0.8839093303956155,27
2024-09-30,071970,HD현대마린엔진,646803654730.0,0.8797979852947456,28
2024-09-30,042660,한화오션,9360929186700.0,0.8766573264739055,29
2024-09-30,080220,제주반도체,456367537250.0,0.8661162252899969,30
2024-10-31,010130,고려아연,20661876434000.0,0.9801730297419949,1
2024-10-31,012450,한화에어로스페이스,16773867248000.0,0.9710669270518505,2
2024-10-31,095340,ISC,1384167887400.0,0.9666553796573386,3
2024-10-31,052020,에스티큐브,289971286290.0,0.9629878722803421,4
2024-10-31,042700,한미반도체,8923414328000.0,0.958509885055663,5
2024-10-31,101490,에스앤에스텍,501963859800.0,0.950382776405901,6
2024-10-31,310210,보로노이,2030239075200.0,0.9483393436275332,7
2024-10-31,168360,펨트론,156043121720.0,0.9348790798501577,8
2024-10-31,082270,젬백스,550719775980.0,0.9311765714435345,9
2024-10-31,347700,라이프시맨틱스,68177833485.0,0.9289508426732321,10
2024-10-31,077970,STX엔진,438779799280.0,0.9269897926105723,11
2024-10-31,087010,펩트론,1817846800000.0,0.926307292938445,12
2024-10-31,033240,자화전자,358038859200.0,0.9227280518202008,13
2024-10-31,348340,뉴로메카,214148151000.0,0.9225252208701662,14
2024-10-31,214370,케어젠,912617850000.0,0.9215743401831542,15
2024-10-31,323280,태성,738472878000.0,0.9200209024085517,16
2024-10-31,033160,엠케이전자,174324014900.0,0.9179200039869061,17
2024-10-31,031980,피에스케이홀딩스,1095369666000.0,0.9149680691621307,18
2024-10-31,084370,유진테크,857059970800.0,0.9140789662271613,19
2024-10-31,329180,HD현대중공업,16209970981600.0,0.9129599810928859,20
2024-10-31,226950,올릭스,413717352000.0,0.9122823557690477,21
2024-10-31,014620,성광벤드,368368000000.0,0.9072222985038887,22
2024-10-31,131290,티에스이,561920593200.0,0.9061919685256041,23
2024-10-31,103140,풍산,1944884893200.0,0.9023303602261338,24
2024-10-31,000520,삼일제약,345937600000.0,0.9021809627725634,25
2024-10-31,083650,비에이치아이,350599768750.0,0.900235323844897,26
2024-10-31,080220,제주반도체,417447135960.0,0.8874117422714413,27
2024-10-31,079550,LIG넥스원,5456000000000.0,0.8850683884775791,28
2024-10-31,368770,파이버프로,140123269625.0,0.882810468288182,29
2024-10-31,067310,하나마이크론,747519467520.0,0.8746475600060836,30
2024-11-29,010130,고려아연,24429873940000.0,0.9584392914840055,1
2024-11-29,010140,삼성중공업,10225600000000.0,0.9502107783578567,2
2024-11-29,042660,한화오션,10724468790000.0,0.9435396222863897,3
2024-11-29,031980,피에스케이홀딩스,653340568500.0,0.9402887747487437,4
2024-11-29,095340,ISC,1085289369600.0,0.9377872358390891,5
2024-11-29,014620,성광벤드,587730000000.0,0.9361712208436258,6
2024-11-29,083650,비에이치아이,524816600000.0,0.9345371843184207,7
2024-11-29,033240,자화전자,272738759700.0,0.9180120739259794,8
2024-11-29,226950,올릭스,362002683000.0,0.9167572080972799,9
2024-11-29,052020,에스티큐브,268106289100.0,0.9117653056133708,10
2024-11-29,420770,기가비스,311189858900.0,0.9104316629985816,11
2024-11-29,098460,고영,564342086100.0,0.90397599045395,12
2024-11-29,082270,젬백스,779886393000.0,0.9039410356513983,13
2024-11-29,101490,에스앤에스텍,481584985150.0,0.9032740654870574,14
2024-11-29,084370,유진테크,765395802800.0,0.9006022715270092,15
2024-11-29,042700,한미반도체,7207423721400.0,0.8989942573725852,16
2024-11-29,214370,케어젠,1278417000000.0,0.8893025258083839,17
2024-11-29,168360,펨트론,149017988000.0,0.8854219821343029,18
2024-11-29,376300,디어유,865264898700.0,0.884357329278292,19
2024-11-29,012450,한화에어로스페이스,14244112812500.0,0.8817770997705447,20
2024-11-29,329180,HD현대중공업,19530085520000.0,0.8771930545158487,21
2024-11-29,026960,동서,2786615000000.0,0.8681418552083575,22
2024-11-29,097230,HJ중공업,379314349955.0,0.8680227361800651,23
2024-11-29,090360,로보스타,219862500000.0,0.8657385842763905,24
2024-11-29,079550,LIG넥스원,4336200000000.0,0.859255234423768,25
2024-11-29,323280,태성,666174834000.0,0.8555526903296842,26
2024-11-29,067310,하나마이크론,633123348480.0,0.854592930226625,27
2024-11-29,095610,테스,281104173720.0,0.8543736125110947,28
2024-11-29,348340,뉴로메카,277970629500.0,0.8543390676182993,29
2024-11-29,023160,태광,453680000000.0,0.8542995698029416,30
2024-12-30,095340,ISC,1528307881800.0,0.973412998084002,1
2024-12-30,031980,피에스케이홀딩스,820449129750.0,0.9682326968808802,2
2024-12-30,042660,한화오션,11444540265900.0,0.9640683902954404,3
2024-12-30,010130,고려아연,20827502698000.0,0.9557628651583026,4
2024-12-30,052020,에스티큐브,580577305140.0,0.9506737352752839,5
2024-12-30,033240,자화전자,261217707300.0,0.9462422271781404,6
2024-12-30,420770,기가비스,311189858900.0,0.9458777235250719,7
2024-12-30,042700,한미반도체,7970676367500.0,0.9420681884867752,8
2024-12-30,010140,삼성중공업,9944000000000.0,0.9393670909499428,9
2024-12-30,097230,HJ중공업,493816486330.0,0.9357985455794973,10
2024-12-30,101490,에스앤에스텍,549157043200.0,0.9346121915449055,11
2024-12-30,098460,고영,556790063050.0,0.9340875159981287,12
2024-12-30,071970,HD현대마린엔진,829380552750.0,0.9325822042160886,13
2024-12-30,329180,HD현대중공업,25522270850000.0,0.9306872741684922,14
2024-12-30,083650,비에이치아이,477781150000.0,0.9300742727003978,15
2024-12-30,214370,케어젠,1546992000000.0,0.9239293580514764,16
2024-12-30,084370,유진테크,717272114600.0,0.9167216843241436,17
2024-12-30,348340,뉴로메카,304790825000.0,0.9119944993051327,18
2024-12-30,226950,올릭스,355531375980.0,0.9080108007523797,19
2024-12-30,010120,LS ELECTRIC,4824000000000.0,0.9069446389425737,20
2024-12-30,131290,티에스이,456283946250.0,0.9058025257711502,21
2024-12-30,001430,세아베스틸지주,708635471440.0,0.9031154360354638,22
2024-12-30,376300,디어유,855769536300.0,0.9030353787492658,23
2024-12-30,014620,성광벤드,649338717750.0,0.8988728206319301,24
2024-12-30,067310,하나마이크론,612352808760.0,0.8976257377885846,25
2024-12-30,103590,일진전기,1299426877500.0,0.8969173593331942,26
2024-12-30,079550,LIG넥스원,4851000000000.0,0.8929576187299973,27
2024-12-30,095610,테스,306407503000.0,0.8902066935871428,28
2024-12-30,200670,휴메딕스,474464542500.0,0.8888847746746301,29
2024-12-30,218410,RFHIC,346946190200.0,0.8825320045137703,30
