rebalance_date,ticker,name,market_cap,p_pre_surge,fold_id,rank_in_month
2020-01-31,042700,한미반도체,497847843000.0,0.9605538318081757,1,1
2020-01-31,082740,HSD엔진,133765396520.0,0.9575222005707176,1,2
2020-01-31,137400,피엔티,142142329600.0,0.9485810188669512,1,3
2020-01-31,071970,STX중공업,75399447735.0,0.9395840318696365,1,4
2020-01-31,068760,셀트리온제약,1430037954750.0,0.9277711153292773,1,5
2020-01-31,003090,대웅,665725671000.0,0.9263724389671488,1,6
2020-01-31,014680,한솔케미칼,1231176255000.0,0.9204787229604586,1,7
2020-01-31,267260,현대일렉트릭,354703808400.0,0.9158404695204143,1,8
2020-01-31,005420,코스모화학,232125234250.0,0.9118457340330891,1,9
2020-01-31,237690,에스티팜,514905600000.0,0.9111174609740574,1,10
2020-01-31,077360,덕산하이메탈,177885862830.0,0.909626814872474,1,11
2020-01-31,064260,다날,186526419300.0,0.9090648498796523,1,12
2020-01-31,064760,티씨케이,700500000000.0,0.8877269499099973,1,13
2020-01-31,084370,유진테크,391864318200.0,0.8869003233380552,1,14
2020-01-31,222800,심텍,249144901050.0,0.8616721554704119,1,15
2020-01-31,078600,대주전자재료,269925223750.0,0.8452993388535198,1,16
2020-01-31,096530,씨젠,789644002000.0,0.8427136078337731,1,17
2020-01-31,067310,하나마이크론,169371520200.0,0.8409966856278701,1,18
2020-01-31,001430,세아베스틸,462621335100.0,0.8355053752166157,1,19
2020-01-31,086520,에코프로,452848915500.0,0.8336792830111233,1,20
2020-01-31,166090,하나머티리얼즈,348391213500.0,0.8331381889800011,1,21
2020-01-31,033240,자화전자,179000000000.0,0.8294345700229633,1,22
2020-01-31,196170,알테오젠,886612650000.0,0.8196787180222568,1,23
2020-01-31,007390,네이처셀,361635258090.0,0.813075045838789,1,24
2020-01-31,006650,대한유화,607750000000.0,0.7604262212374956,1,25
2020-01-31,089970,에이피티씨,197494057500.0,0.7497774760122574,1,26
2020-01-31,025540,한국단자,398373750000.0,0.741273134511734,1,27
2020-01-31,112040,위메이드,537600000000.0,0.7284967569737637,1,28
2020-01-31,131290,티에스이,163709149200.0,0.7134539979277842,1,29
2020-01-31,075580,세진중공업,155217652400.0,0.7127416862359576,1,30
2020-02-28,137400,피엔티,178661655000.0,0.9624658402995233,1,1
2020-02-28,084370,유진테크,425092579100.0,0.9383781632323678,1,2
2020-02-28,064760,티씨케이,774052500000.0,0.936715127015556,1,3
2020-02-28,003090,대웅,590141097000.0,0.9341151791806105,1,4
2020-02-28,042700,한미반도체,446002998660.0,0.9150127812384501,1,5
2020-02-28,067310,하나마이크론,160119363360.0,0.9001695671705744,1,6
2020-02-28,007390,네이처셀,444242296740.0,0.8859858438287709,1,7
2020-02-28,196170,알테오젠,1202068875000.0,0.8600927397260882,1,8
2020-02-28,068760,셀트리온제약,1360287717600.0,0.8600217568189883,1,9
2020-02-28,082740,HSD엔진,116632882680.0,0.8522881335258664,1,10
2020-02-28,237690,에스티팜,539158400000.0,0.8322653145350231,1,11
2020-02-28,005420,코스모화학,201053352500.0,0.8320962907530434,1,12
2020-02-28,267260,현대일렉트릭,311086775050.0,0.8248885540293167,1,13
2020-02-28,064260,다날,207834900975.0,0.8208761921285362,1,14
2020-02-28,001430,세아베스틸,390897097100.0,0.812391634773512,1,15
2020-02-28,007810,코리아써키트,257466185900.0,0.8108469614016226,1,16
2020-02-28,086520,에코프로,502551845250.0,0.801004781400942,1,17
2020-02-28,006650,대한유화,556400000000.0,0.7667459635130279,1,18
2020-02-28,096530,씨젠,957541730000.0,0.7378781673655965,1,19
2020-02-28,112040,위메이드,507360000000.0,0.737583981919953,1,20
2020-02-28,028300,에이치엘비,4158015256500.0,0.6893065197211228,1,21
2020-02-28,020150,일진머티리얼즈,2137237202250.0,0.6633832268599106,1,22
2020-02-28,033240,자화전자,157878000000.0,0.6550291538360008,1,23
2020-02-28,166090,하나머티리얼즈,314042784000.0,0.603835360498566,1,24
2020-02-28,071970,STX중공업,62121487440.0,0.5950372876164587,1,25
2020-02-28,075580,세진중공업,127781157600.0,0.58166969985039,1,26
2020-02-28,078600,대주전자재료,244460580000.0,0.5733532334155845,1,27
2020-02-28,014680,한솔케미칼,1048194096000.0,0.5712693604771284,1,28
2020-02-28,059090,미코,240511511040.0,0.5556212604791783,1,29
2020-02-28,131290,티에스이,139374005400.0,0.5381543881803664,1,30
2020-03-31,068760,셀트리온제약,2723984677600.0,0.9486531602217888,1,1
2020-03-31,166090,하나머티리얼즈,271843284900.0,0.8104878105748644,1,2
2020-03-31,007390,네이처셀,544594551100.0,0.766048450613664,1,3
2020-03-31,109610,에스와이,105126096600.0,0.6317504746391182,1,4
2020-03-31,017180,명문제약,127315287770.0,0.6311432434763808,1,5
2020-03-31,064760,티씨케이,721515000000.0,0.6244447374129025,1,6
2020-03-31,003090,대웅,651190176000.0,0.6209322945292414,1,7
2020-03-31,093320,케이아이엔엑스,253760000000.0,0.5949367520811374,1,8
2020-03-31,042700,한미반도체,353815311870.0,0.5777354921423645,1,9
2020-03-31,069080,웹젠,446682682600.0,0.5584441873915319,1,10
2020-03-31,064260,다날,183565227780.0,0.5352954013640786,1,11
2020-03-31,005420,코스모화학,157970491250.0,0.5119518582666447,1,12
2020-03-31,014680,한솔케미칼,891190885500.0,0.49657175605496495,1,13
2020-03-31,088800,에이스테크,281720659500.0,0.4721966388864614,1,14
2020-03-31,102940,코오롱생명과학,201998701200.0,0.4158270749603615,1,15
2020-03-31,061970,엘비세미콘,258766938720.0,0.4042650682671737,1,16
2020-03-31,053700,삼보모터스,55212868830.0,0.40338026807750005,1,17
2020-03-31,005070,코스모신소재,199471121300.0,0.397799933336606,1,18
2020-03-31,053030,바이넥스,342803318400.0,0.39498820772961096,1,19
2020-03-31,285130,SK케미칼,993322101600.0,0.37276079010520896,1,20
2020-03-31,006650,대한유화,567450000000.0,0.35293570077442016,1,21
2020-03-31,001430,세아베스틸,268965892500.0,0.3347482173542908,1,22
2020-03-31,020150,일진머티리얼즈,1447880219000.0,0.3281214745596857,1,23
2020-03-31,033160,엠케이전자,124739981080.0,0.3037063178165687,1,24
2020-03-31,249420,일동제약,299921391000.0,0.2776455174016728,1,25
2020-03-31,033240,자화전자,105431000000.0,0.27566086088498815,1,26
2020-03-31,059090,미코,352311783750.0,0.26223373527899146,1,27
2020-03-31,026890,디피씨,251319395250.0,0.24912548941519216,1,28
2020-03-31,035150,백산,126808000000.0,0.24220123446380123,1,29
2020-03-31,096530,씨젠,2914599622000.0,0.24085368661675927,1,30
2020-04-29,068760,셀트리온제약,2527177196600.0,0.8607474522789849,1,1
2020-04-29,166090,하나머티리얼즈,342502911300.0,0.8032040859050887,1,2
2020-04-29,064260,다날,261820453185.0,0.7304402530985246,1,3
2020-04-29,137400,피엔티,192397027420.0,0.7251320236541249,1,4
2020-04-29,071970,STX중공업,63823446000.0,0.7169351565188832,1,5
2020-04-29,067310,하나마이크론,141984163965.0,0.5898132565563898,1,6
2020-04-29,007390,네이처셀,676153908950.0,0.5887057420198425,1,7
2020-04-29,053700,삼보모터스,67128108000.0,0.5580909320801921,1,8
2020-04-29,225570,넷게임즈,225231277920.0,0.5570753624338551,1,9
2020-04-29,005420,코스모화학,200792244250.0,0.5432298346781053,1,10
2020-04-29,069080,웹젠,587926218600.0,0.5309487389022377,1,11
2020-04-29,017180,명문제약,121405100330.0,0.49470030071727034,1,12
2020-04-29,020150,일진머티리얼즈,1837516774750.0,0.4945090868869342,1,13
2020-04-29,042700,한미반도체,403256752830.0,0.4928081164121645,1,14
2020-04-29,001430,세아베스틸,333159085510.0,0.44450920668962035,1,15
2020-04-29,014680,한솔케미칼,969127731000.0,0.44013522719654347,1,16
2020-04-29,032620,유비케어,375819400800.0,0.43348637490553943,1,17
2020-04-29,064760,티씨케이,840600000000.0,0.43338100691359027,1,18
2020-04-29,033500,동성화인텍,214789527640.0,0.4141685988788164,1,19
2020-04-29,249420,일동제약,308252540750.0,0.41173572727103164,1,20
2020-04-29,093320,케이아이엔엑스,300120000000.0,0.40824806606915465,1,21
2020-04-29,061970,엘비세미콘,315249062400.0,0.40522915283292876,1,22
2020-04-29,102940,코오롱생명과학,422827789800.0,0.40137975610830406,1,23
2020-04-29,006650,대한유화,913250000000.0,0.3932628044274708,1,24
2020-04-29,105630,한세실업,478000000000.0,0.3900315907858524,1,25
2020-04-29,109610,에스와이,106627897980.0,0.3828701852831576,1,26
2020-04-29,088800,에이스테크,347021996930.0,0.3783809990421277,1,27
2020-04-29,003090,대웅,1011670452000.0,0.3774745954224668,1,28
2020-04-29,101530,해태제과식품,205855931540.0,0.37692761320006574,1,29
2020-04-29,053030,바이넥스,369783209200.0,0.3676348438283167,1,30
2020-05-29,090850,이지웰,148646995200.0,0.8180030522441435,1,1
2020-05-29,272450,진에어,321000000000.0,0.7595725389926072,1,2
2020-05-29,065660,안트로젠,556352561800.0,0.7093361986730536,1,3
2020-05-29,061970,엘비세미콘,319189675680.0,0.7049860502545428,1,4
2020-05-29,084690,대상홀딩스,277750166460.0,0.6841108260408356,1,5
2020-05-29,004430,송원산업,346800000000.0,0.6724712381247524,1,6
2020-05-29,088800,에이스테크,346614215500.0,0.5591121736852035,1,7
2020-05-29,077970,STX엔진,147947252720.0,0.5567006996972738,1,8
2020-05-29,068760,셀트리온제약,3283482826400.0,0.5480749682489161,1,9
2020-05-29,101160,월덱스,146782727770.0,0.5314121715887321,1,10
2020-05-29,091810,티웨이항공,178034537480.0,0.5152380607727526,1,11
2020-05-29,014680,한솔케미칼,1101281512500.0,0.5088810246610528,1,12
2020-05-29,064760,티씨케이,974862500000.0,0.48163386272629677,1,13
2020-05-29,069080,웹젠,647954721400.0,0.459526106307939,1,14
2020-05-29,030520,한글과컴퓨터,293283828000.0,0.4535290516609043,1,15
2020-05-29,298690,에어부산,200729850000.0,0.4437507200723312,1,16
2020-05-29,033500,동성화인텍,269566253910.0,0.44049106387673725,1,17
2020-05-29,094480,갤럭시아컴즈,137696731380.0,0.43988099533338737,1,18
2020-05-29,007660,이수페타시스,145471102950.0,0.4393231472181879,1,19
2020-05-29,075580,세진중공업,135071974400.0,0.436566513311489,1,20
2020-05-29,109610,에스와이,101252344690.0,0.4332841039322277,1,21
2020-05-29,137400,피엔티,249668725900.0,0.42626594441596655,1,22
2020-05-29,086960,한컴MDS,103294713600.0,0.4246343321808407,1,23
2020-05-29,299900,위지윅스튜디오,148593312450.0,0.4145202896599105,1,24
2020-05-29,267260,현대일렉트릭,298109806450.0,0.40715509466316674,1,25
2020-05-29,036810,에프에스티,263039582000.0,0.3963447772869933,1,26
2020-05-29,241710,코스메카코리아,111606000000.0,0.39312388093356093,1,27
2020-05-29,017180,명문제약,180151499050.0,0.37058213988323374,1,28
2020-05-29,009520,포스코엠텍,240278396310.0,0.36696051777893074,1,29
2020-05-29,247540,에코프로비엠,2513603503400.0,0.35877943171868654,1,30
2020-06-30,075580,세진중공업,239445772800.0,0.8123301996712882,1,1
2020-06-30,061970,엘비세미콘,354655195200.0,0.7849000729653793,1,2
2020-06-30,036890,진성티이씨,175586513080.0,0.7738222510260002,1,3
2020-06-30,084690,대상홀딩스,292235181660.0,0.7208695976514428,1,4
2020-06-30,065660,안트로젠,631395673500.0,0.6966799327845055,1,5
2020-06-30,014680,한솔케미칼,1434489765000.0,0.6791764643462351,1,6
2020-06-30,030520,한글과컴퓨터,378824944500.0,0.6773254702316603,1,7
2020-06-30,077500,유니퀘스트,276495896250.0,0.6565451539096192,1,8
2020-06-30,272450,진에어,309000000000.0,0.6243871526358532,1,9
2020-06-30,090850,이지웰,149680893000.0,0.5968503826440089,1,10
2020-06-30,089010,켐트로닉스,200369056250.0,0.5775788113722424,1,11
2020-06-30,088800,에이스테크,583127444900.0,0.5673755305820921,1,12
2020-06-30,007660,이수페타시스,144026709020.0,0.5553054438275575,1,13
2020-06-30,249420,일동제약,355859110750.0,0.5328033215180508,1,14
2020-06-30,077970,STX엔진,138973780160.0,0.5170191908798771,1,15
2020-06-30,017810,풀무원,653259792500.0,0.5150839622541592,1,16
2020-06-30,033500,동성화인텍,232598709580.0,0.5144000458283944,1,17
2020-06-30,241710,코스메카코리아,127626000000.0,0.5082531563182768,1,18
2020-06-30,101160,월덱스,153717344830.0,0.5047378561442974,1,19
2020-06-30,082740,HSD엔진,161440995800.0,0.47959781777779376,1,20
2020-06-30,064760,티씨케이,1011055000000.0,0.46222151594935884,1,21
2020-06-30,078140,대봉엘에스,113083105800.0,0.44058593663906387,1,22
2020-06-30,230360,에코마케팅,579921944600.0,0.4387674074796743,1,23
2020-06-30,069080,웹젠,773308359600.0,0.43759263396339476,1,24
2020-06-30,095700,제넥신,2236650768300.0,0.43148551459405493,1,25
2020-06-30,086960,한컴MDS,109916169600.0,0.42964530177761456,1,26
2020-06-30,048410,현대바이오,475885370250.0,0.4284524471939282,1,27
2020-06-30,086890,이수앱지스,171466880480.0,0.42725313156490974,1,28
2020-06-30,137400,피엔티,259499794800.0,0.4230822861378196,1,29
2020-06-30,005070,코스모신소재,362674766000.0,0.4067246124155074,1,30
2020-07-31,075580,세진중공업,267074131200.0,0.7954061627164378,1,1
2020-07-31,272450,진에어,300000000000.0,0.6924709843935636,1,2
2020-07-31,061970,엘비세미콘,413326548480.0,0.6372264509268962,1,3
2020-07-31,033240,자화전자,221065000000.0,0.6289373262788414,1,4
2020-07-31,084690,대상홀딩스,303823193820.0,0.5908262148690538,1,5
2020-07-31,036890,진성티이씨,175586513080.0,0.5472680650636815,1,6
2020-07-31,000490,대동공업,182944499100.0,0.5441164003833805,1,7
2020-07-31,241710,코스메카코리아,148986000000.0,0.5350950100753882,1,8
2020-07-31,230360,에코마케팅,771069401200.0,0.5311225225224633,1,9
2020-07-31,077500,유니퀘스트,311003115000.0,0.525314668595689,1,10
2020-07-31,033500,동성화인텍,269836090000.0,0.5209463711492301,1,11
2020-07-31,030520,한글과컴퓨터,413041391100.0,0.5082680720524068,1,12
2020-07-31,033160,엠케이전자,216986505550.0,0.5011970187417648,1,13
2020-07-31,051370,인터플렉스,360409442400.0,0.4772410576573896,1,14
2020-07-31,068240,다원시스,546723314900.0,0.476247064692046,1,15
2020-07-31,007660,이수페타시스,176835085430.0,0.4752314665736311,1,16
2020-07-31,094480,갤럭시아컴즈,218117899280.0,0.4531634622780295,1,17
2020-07-31,088800,에이스테크,780248528400.0,0.44320233315221663,1,18
2020-07-31,112610,씨에스윈드,1374214342500.0,0.42879017937528946,1,19
2020-07-31,089010,켐트로닉스,230970875750.0,0.41711291280904955,1,20
2020-07-31,013310,아진산업,97558779630.0,0.38095341537846134,1,21
2020-07-31,053700,삼보모터스,85923978240.0,0.3747973540240182,1,22
2020-07-31,137400,피엔티,315960001200.0,0.3685106000323517,1,23
2020-07-31,298690,에어부산,193700400000.0,0.36832563462234286,1,24
2020-07-31,064760,티씨케이,1085775000000.0,0.36128440221727104,1,25
2020-07-31,035900,JYP Ent.,1059525511200.0,0.3400859814146267,1,26
2020-07-31,032190,다우데이타,557265000000.0,0.3397411472975779,1,27
2020-07-31,078140,대봉엘에스,139136566450.0,0.33950503920730185,1,28
2020-07-31,299900,위지윅스튜디오,144830797520.0,0.33743974516067987,1,29
2020-07-31,091810,티웨이항공,117202155940.0,0.3348825581148816,1,30
2020-08-31,109610,에스와이,136671891720.0,0.8132696611296679,1,1
2020-08-31,075580,세진중공업,221410594400.0,0.7853131250423133,1,2
2020-08-31,061970,엘비세미콘,419894237280.0,0.6734799029463628,1,3
2020-08-31,068240,다원시스,640985955400.0,0.6606191862354778,1,4
2020-08-31,090850,이지웰,191123309360.0,0.618020295123328,1,5
2020-08-31,137400,피엔티,523342682400.0,0.5706012839525767,1,6
2020-08-31,033500,동성화인텍,247979366710.0,0.55806593998846,1,7
2020-08-31,079160,CJ CGV,772200000000.0,0.5291603876529168,1,8
2020-08-31,104480,티케이케미칼,174973710450.0,0.5219400764152136,1,9
2020-08-31,094480,갤럭시아컴즈,190853161870.0,0.4375713205673564,1,10
2020-08-31,033160,엠케이전자,223528812250.0,0.43726792316576046,1,11
2020-08-31,030520,한글과컴퓨터,481474284300.0,0.4334253144497861,1,12
2020-08-31,053700,삼보모터스,99853060650.0,0.4244034948640082,1,13
2020-08-31,078140,대봉엘에스,155766434950.0,0.41134832843785724,1,14
2020-08-31,298690,에어부산,190836550000.0,0.40106443919379386,1,15
2020-08-31,083790,크리스탈,864693988900.0,0.38696550342584557,1,16
2020-08-31,084690,대상홀딩스,418254813900.0,0.3598813992054541,1,17
2020-08-31,007660,이수페타시스,221611297260.0,0.3590100966947774,1,18
2020-08-31,067080,대화제약,360854485200.0,0.34944157300944734,1,19
2020-08-31,272450,진에어,267900000000.0,0.3455341987235403,1,20
2020-08-31,053280,예스24,154800000000.0,0.3390614445834086,1,21
2020-08-31,041510,에스엠,806680034400.0,0.33408919117673236,1,22
2020-08-31,005420,코스모화학,297663405000.0,0.329423932169328,1,23
2020-08-31,036560,영풍정밀,133087500000.0,0.32338487214894945,1,24
2020-08-31,051370,인터플렉스,279929664000.0,0.31193362199800967,1,25
2020-08-31,058610,에스피지,125888159250.0,0.3109340660814735,1,26
2020-08-31,017800,현대엘리베이,1574308591050.0,0.3090481767477758,1,27
2020-08-31,048410,현대바이오,407645203950.0,0.306847010053618,1,28
2020-08-31,033270,유나이티드제약,809804376700.0,0.29688155417355366,1,29
2020-08-31,249420,일동제약,439170608250.0,0.2886130729218312,1,30
2020-09-29,061970,엘비세미콘,518847415200.0,0.7514095703171355,1,1
2020-09-29,071970,STX중공업,114598543040.0,0.6403779285243744,1,2
2020-09-29,090850,이지웰,201131677670.0,0.6329957078630045,1,3
2020-09-29,007660,이수페타시스,185914132990.0,0.5410463808509708,1,4
2020-09-29,077970,STX엔진,138283513040.0,0.47574089490035065,1,5
2020-09-29,041510,에스엠,839510035800.0,0.47508777060322155,1,6
2020-09-29,089010,켐트로닉스,233885334750.0,0.44427865740282585,1,7
2020-09-29,036890,진성티이씨,242808494400.0,0.4372279943509861,1,8
2020-09-29,109610,에스와이,107098344100.0,0.4356725966960104,1,9
2020-09-29,075580,세진중공업,314272576800.0,0.4032743410477374,1,10
2020-09-29,033500,동성화인텍,266598056920.0,0.39641223081778154,1,11
2020-09-29,033240,자화전자,243440000000.0,0.3821890181410078,1,12
2020-09-29,067310,하나마이크론,265307900700.0,0.3608200318920634,1,13
2020-09-29,067630,에이치엘비생명과학,1463891088300.0,0.3589950523857479,1,14
2020-09-29,068240,다원시스,560189406400.0,0.35474495973893716,1,15
2020-09-29,119830,아이텍,98612889700.0,0.3528667804520127,1,16
2020-09-29,119850,지엔씨에너지,100871175320.0,0.34957099938917907,1,17
2020-09-29,033160,엠케이전자,223528812250.0,0.3437548588910817,1,18
2020-09-29,298690,에어부산,195783200000.0,0.3398861227045072,1,19
2020-09-29,065350,신성델타테크,152542656000.0,0.32099669592221164,1,20
2020-09-29,241710,코스메카코리아,127092000000.0,0.31344335606831447,1,21
2020-09-29,091810,티웨이항공,117437030000.0,0.301214299516692,1,22
2020-09-29,048410,현대바이오,396870440850.0,0.29262685733132276,1,23
2020-09-29,053700,삼보모터스,110536986740.0,0.2852937006103685,1,24
2020-09-29,054210,이랜텍,139658378750.0,0.2636689373825643,1,25
2020-09-29,307950,현대오토에버,1299900000000.0,0.25344281972143284,1,26
2020-09-29,230360,에코마케팅,892561428700.0,0.2467567472128474,1,27
2020-09-29,033320,제이씨현시스템,149092569600.0,0.2457308043656255,1,28
2020-09-29,104480,티케이케미칼,164975212710.0,0.23868172018571773,1,29
2020-09-29,036930,주성엔지니어링,335814515520.0,0.23608520561691582,1,30
2020-10-30,048410,현대바이오,393278853150.0,0.5754012820998572,1,1
2020-10-30,077970,STX엔진,139664047280.0,0.529536077487114,1,2
2020-10-30,067630,에이치엘비생명과학,1233245868600.0,0.4742883394354927,1,3
2020-10-30,007660,이수페타시스,155788202450.0,0.446440614123183,1,4
2020-10-30,067310,하나마이크론,221992484250.0,0.43961176509680316,1,5
2020-10-30,108380,대양전기공업,129637362150.0,0.4170086850409018,1,6
2020-10-30,033500,동성화인텍,256802748640.0,0.40641223258343784,1,7
2020-10-30,089010,켐트로닉스,260844080500.0,0.3754799985439429,1,8
2020-10-30,109610,에스와이,100455431985.0,0.36511989378891424,1,9
2020-10-30,060720,KH바텍,400088960700.0,0.36315622248931845,1,10
2020-10-30,249420,일동제약,409416502000.0,0.3586040305957113,1,11
2020-10-30,004430,송원산업,340800000000.0,0.35642353136658445,1,12
2020-10-30,007390,네이처셀,558056438880.0,0.3522441832664911,1,13
2020-10-30,053700,삼보모터스,109170223380.0,0.32325916744956035,1,14
2020-10-30,061970,엘비세미콘,398439787200.0,0.3035060125651699,1,15
2020-10-30,058610,에스피지,146556364500.0,0.2996227416442851,1,16
2020-10-30,071970,STX중공업,103535812400.0,0.28474440579985427,1,17
2020-10-30,020150,일진머티리얼즈,1968932654500.0,0.28188953652846876,1,18
2020-10-30,064820,케이프,130723971520.0,0.27953854000771045,1,19
2020-10-30,241710,코스메카코리아,127092000000.0,0.2640459964191561,1,20
2020-10-30,075580,세진중공업,260550768800.0,0.2583158237759759,1,21
2020-10-30,166090,하나머티리얼즈,421994991000.0,0.24734160785506362,1,22
2020-10-30,089600,나스미디어,270519951900.0,0.2463427687359741,1,23
2020-10-30,056190,에스에프에이,1303487988000.0,0.24295468848792975,1,24
2020-10-30,118990,모트렉스,237921116160.0,0.2377327762661155,1,25
2020-10-30,090850,이지웰,228202529210.0,0.23372677448416135,1,26
2020-10-30,115450,지트리비앤티,719330049900.0,0.23348365729741785,1,27
2020-10-30,051370,인터플렉스,313754498400.0,0.22270331288323164,1,28
2020-10-30,272450,진에어,251400000000.0,0.22232511504773594,1,29
2020-10-30,171090,선익시스템,54355741800.0,0.21614196088771545,1,30
2020-11-30,044450,KSS해운,241133152000.0,0.8082626258352188,1,1
2020-11-30,033500,동성화인텍,325083987950.0,0.6652435944020826,1,2
2020-11-30,036930,주성엔지니어링,375861361480.0,0.6392614638639519,1,3
2020-11-30,089010,켐트로닉스,278590443750.0,0.5495484932127402,1,4
2020-11-30,108380,대양전기공업,145423461600.0,0.5336241927999421,1,5
2020-11-30,089590,제주항공,625618743750.0,0.5101757932495333,1,6
2020-11-30,298690,에어부산,224421700000.0,0.5068987462138237,1,7
2020-11-30,077970,STX엔진,162442862240.0,0.4856169652913608,1,8
2020-11-30,003850,보령제약,980972000000.0,0.46775381104887703,1,9
2020-11-30,007660,이수페타시스,173946297570.0,0.45498197553927766,1,10
2020-11-30,094480,갤럭시아머니트리,148681086020.0,0.4417543423667661,1,11
2020-11-30,071970,STX중공업,123108335840.0,0.43332967696099023,1,12
2020-11-30,119830,아이텍,113046846500.0,0.42215316811950915,1,13
2020-11-30,061970,엘비세미콘,507901267200.0,0.4205791345096812,1,14
2020-11-30,272450,진에어,488250000000.0,0.4126710835373557,1,15
2020-11-30,034120,SBS,362313752700.0,0.3706588836972413,1,16
2020-11-30,109610,에스와이,198062328150.0,0.35434309805651776,1,17
2020-11-30,307950,현대오토에버,1688400000000.0,0.3543154642522077,1,18
2020-11-30,105840,우진,95152522140.0,0.3510863545438857,1,19
2020-11-30,001430,세아베스틸,369379825700.0,0.34769344738589103,1,20
2020-11-30,068760,셀트리온제약,6778953584100.0,0.34228394169983833,1,21
2020-11-30,213500,한솔제지,336778150400.0,0.3421401411586859,1,22
2020-11-30,082740,HSD엔진,224370037020.0,0.3383560511830942,1,23
2020-11-30,084370,유진테크,767687407000.0,0.3373314145016696,1,24
2020-11-30,005950,이수화학,328042561250.0,0.3346612362893778,1,25
2020-11-30,056190,에스에프에이,1346578500000.0,0.32691356844616876,1,26
2020-11-30,032190,다우데이타,480665000000.0,0.3253907125405775,1,27
2020-11-30,065350,신성델타테크,186066327960.0,0.2968962776321717,1,28
2020-11-30,053280,예스24,273480000000.0,0.2838643107401655,1,29
2020-11-30,077500,유니퀘스트,323590616250.0,0.2795585897818586,1,30
2020-12-30,089970,에이피티씨,468935440500.0,0.5761480068216411,1,1
2020-12-30,077360,덕산하이메탈,290796812800.0,0.5711028103796466,1,2
2020-12-30,281820,케이씨텍,641492847000.0,0.48878836854543084,1,3
2020-12-30,036930,주성엔지니어링,396126030520.0,0.45729492656365306,1,4
2020-12-30,151860,KG ETS,242280000000.0,0.41949275207667686,1,5
2020-12-30,109610,에스와이,211962339920.0,0.41455709895869536,1,6
2020-12-30,089010,켐트로닉스,410828041050.0,0.39478566073041793,1,7
2020-12-30,020150,일진머티리얼즈,2347041501500.0,0.3853710738955106,1,8
2020-12-30,108380,대양전기공업,147815294850.0,0.3822632506180971,1,9
2020-12-30,005420,코스모화학,318552065000.0,0.3783461868573339,1,10
2020-12-30,082740,HSD엔진,276755992800.0,0.3750189915313372,1,11
2020-12-30,061970,엘비세미콘,645822732000.0,0.3731099518390637,1,12
2020-12-30,033500,동성화인텍,323049012750.0,0.37201222083461233,1,13
2020-12-30,005070,코스모신소재,574722512250.0,0.3422334471029126,1,14
2020-12-30,071970,STX중공업,109492667360.0,0.33881847110779445,1,15
2020-12-30,298690,에어부산,268779250000.0,0.3373043956100088,1,16
2020-12-30,083420,그린케미칼,239280000000.0,0.33684755660637505,1,17
2020-12-30,007660,이수페타시스,164867250010.0,0.33046302582778686,1,18
2020-12-30,089590,제주항공,706467935250.0,0.321909303006902,1,19
2020-12-30,179900,유티아이,295775833750.0,0.31899093712434473,1,20
2020-12-30,065350,신성델타테크,291329848800.0,0.3066298380130507,1,21
2020-12-30,051370,인터플렉스,404731639200.0,0.30225467879121515,1,22
2020-12-30,166090,하나머티리얼즈,561351476400.0,0.28873547190904686,1,23
2020-12-30,014820,동원시스템즈,914580842700.0,0.2840638481895304,1,24
2020-12-30,004490,세방전지,964600000000.0,0.28287859543819466,1,25
2020-12-30,060720,KH바텍,482947621200.0,0.2820484438349567,1,26
2020-12-30,077970,STX엔진,167504821120.0,0.2812712473782468,1,27
2020-12-30,077500,유니퀘스트,401416207500.0,0.27663175150121644,1,28
2020-12-30,089030,테크윙,456889288900.0,0.26967150846492277,1,29
2020-12-30,217730,강스템바이오텍,196458028060.0,0.2638262809514538,1,30
2021-01-29,298050,효성첨단소재,1014708222000.0,0.9730607880958186,2,1
2021-01-29,298020,효성티앤씨,1296140759000.0,0.9434655089826599,2,2
2021-01-29,036930,주성엔지니어링,457402529760.0,0.9242634124405682,2,3
2021-01-29,001530,DI동일,488190582000.0,0.8771405788131023,2,4
2021-01-29,041510,에스엠,717646530600.0,0.8633620075347518,2,5
2021-01-29,001570,금양,268693623500.0,0.8619935516811289,2,6
2021-01-29,002710,TCC스틸,115000000000.0,0.8525399922399608,2,7
2021-01-29,052690,한전기술,651651000000.0,0.8477789735934965,2,8
2021-01-29,011780,금호석유,7540753522500.0,0.7504434486287583,2,9
2021-01-29,307950,현대오토에버,2572500000000.0,0.7318239183325198,2,10
2021-01-29,001440,대한전선,946402674945.0,0.7185980569778968,2,11
2021-01-29,298000,효성화학,526370790000.0,0.7151744406772874,2,12
2021-01-29,020150,일진머티리얼즈,3292313619000.0,0.6843985786197694,2,13
2021-01-29,047040,대우건설,2452173564200.0,0.6694599432415457,2,14
2021-01-29,036580,팜스코,307045603480.0,0.661131709065723,2,15
2021-01-29,005420,코스모화학,319857606250.0,0.6521042189884176,2,16
2021-01-29,033160,엠케이전자,226799965600.0,0.6352329458341265,2,17
2021-01-29,048410,현대바이오,817086201750.0,0.6331481615490862,2,18
2021-01-29,281740,레이크머티리얼즈,195219727560.0,0.5900271575163258,2,19
2021-01-29,058430,포스코강판,100800000000.0,0.5668584517199554,2,20
2021-01-29,130660,한전산업,147026000000.0,0.5415202985691647,2,21
2021-01-29,001340,백광산업,178999851895.0,0.5164715547057951,2,22
2021-01-29,195870,해성디에스,580550000000.0,0.5147319391904374,2,23
2021-01-29,004140,동방,188717140080.0,0.5090546579905263,2,24
2021-01-29,048530,인트론바이오,762038208000.0,0.4850442345149965,2,25
2021-01-29,001430,세아베스틸,439310957750.0,0.4827662146889667,2,26
2021-01-29,114810,아이원스,150468726600.0,0.45050638317103237,2,27
2021-01-29,008730,율촌화학,553040000000.0,0.44702228144217615,2,28
2021-01-29,061970,엘비세미콘,599848910400.0,0.439042132480165,2,29
2021-01-29,071970,STX중공업,102543003240.0,0.42515744786147436,2,30
2021-02-26,298050,효성첨단소재,1310384790000.0,0.8523896096243562,2,1
2021-02-26,036930,주성엔지니어링,489729501800.0,0.8380677784137465,2,2
2021-02-26,298020,효성티앤씨,1778677302000.0,0.7402221003490068,2,3
2021-02-26,052690,한전기술,668850000000.0,0.7396074555318519,2,4
2021-02-26,002710,TCC스틸,106950000000.0,0.7353820295940541,2,5
2021-02-26,001530,DI동일,406825485000.0,0.7070470078520144,2,6
2021-02-26,048410,현대바이오,1964598471900.0,0.6855429245492516,2,7
2021-02-26,298000,효성화학,722563539000.0,0.6787318335367161,2,8
2021-02-26,047040,대우건설,2439704885060.0,0.6475209779951846,2,9
2021-02-26,020150,일진머티리얼즈,3223147366500.0,0.6079096015719121,2,10
2021-02-26,001440,대한전선,840200021829.0,0.6066830281329765,2,11
2021-02-26,041510,에스엠,704747655050.0,0.5482168172637996,2,12
2021-02-26,001570,금양,207026234500.0,0.5223626218028377,2,13
2021-02-26,004140,동방,411687613350.0,0.5121845292352791,2,14
2021-02-26,307950,현대오토에버,2730000000000.0,0.5096392660836133,2,15
2021-02-26,130660,한전산업,154198000000.0,0.507586557040852,2,16
2021-02-26,036580,팜스코,264441189600.0,0.5019619815687734,2,17
2021-02-26,011780,금호석유,6428682801000.0,0.4857156751174154,2,18
2021-02-26,033160,엠케이전자,247517270150.0,0.4703836251739726,2,19
2021-02-26,281740,레이크머티리얼즈,241231111160.0,0.46886461660710677,2,20
2021-02-26,094480,갤럭시아머니트리,176141972620.0,0.4570268168480211,2,21
2021-02-26,005420,코스모화학,319857606250.0,0.45483710210494477,2,22
2021-02-26,027710,팜스토리,183280307000.0,0.45247601546389526,2,23
2021-02-26,166090,하나머티리얼즈,712484566200.0,0.43112894054593975,2,24
2021-02-26,077360,덕산하이메탈,307835688550.0,0.4004423147859365,2,25
2021-02-26,001340,백광산업,161481673165.0,0.39660947396931867,2,26
2021-02-26,043650,국순당,131258534400.0,0.3911843537971312,2,27
2021-02-26,009070,KCTC,216600000000.0,0.3881267356413464,2,28
2021-02-26,195870,해성디에스,562700000000.0,0.373807389132468,2,29
2021-02-26,007160,사조산업,186250000000.0,0.37037393118838197,2,30
2021-03-31,298050,효성첨단소재,1704620214000.0,0.805853590483816,2,1
2021-03-31,014530,극동유화,212354767800.0,0.7351357256499788,2,2
2021-03-31,094480,갤럭시아머니트리,326392252160.0,0.6780197919040112,2,3
2021-03-31,298000,효성화학,985748934000.0,0.6466869327972384,2,4
2021-03-31,005870,휴니드,121538889150.0,0.5994685809893918,2,5
2021-03-31,027710,팜스토리,229518196000.0,0.5348371373371591,2,6
2021-03-31,001440,대한전선,993508690440.0,0.519431219332948,2,7
2021-03-31,020150,일진머티리얼즈,3130925696500.0,0.4967891576773892,2,8
2021-03-31,215200,메가스터디교육,700061958000.0,0.4568457207785159,2,9
2021-03-31,033160,엠케이전자,245336501250.0,0.4541017325057159,2,10
2021-03-31,083650,비에이치아이,108420000000.0,0.452752768812422,2,11
2021-03-31,036930,주성엔지니어링,540391174400.0,0.4523761275291955,2,12
2021-03-31,000490,대동공업,238468510500.0,0.44559918673004095,2,13
2021-03-31,298020,효성티앤씨,2479761786000.0,0.43998942839145105,2,14
2021-03-31,004540,깨끗한나라,289360184610.0,0.4251977871353394,2,15
2021-03-31,071970,STX중공업,123533825480.0,0.41324288801574344,2,16
2021-03-31,001570,금양,205604981600.0,0.40850899911005656,2,17
2021-03-31,003530,한화투자증권,911828043750.0,0.4041302039185819,2,18
2021-03-31,052690,한전기술,858039000000.0,0.3972209389768949,2,19
2021-03-31,004100,태양금속,59270500000.0,0.3414780809358449,2,20
2021-03-31,086890,이수앱지스,460538738850.0,0.33818947738774513,2,21
2021-03-31,058630,엠게임,180585423480.0,0.3321241234592811,2,22
2021-03-31,003010,혜인,95726984910.0,0.32544263785676053,2,23
2021-03-31,035150,백산,239580000000.0,0.31175362721292016,2,24
2021-03-31,011780,금호석유,8073938115000.0,0.2962066835206717,2,25
2021-03-31,033500,동성화인텍,380785432050.0,0.27745736219465406,2,26
2021-03-31,009070,KCTC,192900000000.0,0.27673207453665544,2,27
2021-03-31,077970,STX엔진,183611053920.0,0.27258085095697543,2,28
2021-03-31,048530,인트론바이오,863617822200.0,0.2609241351239748,2,29
2021-03-31,044450,KSS해운,253885386000.0,0.25859410508892045,2,30
2021-04-30,094480,갤럭시아머니트리,283631728740.0,0.762607142245554,2,1
2021-04-30,298050,효성첨단소재,1715820084000.0,0.7563231441921328,2,2
2021-04-30,298000,효성화학,1292001030000.0,0.6884108272508589,2,3
2021-04-30,077970,STX엔진,356638012000.0,0.6881446836620607,2,4
2021-04-30,036930,주성엔지니어링,644126980200.0,0.6611200195407779,2,5
2021-04-30,052690,한전기술,1467648000000.0,0.6469297061970679,2,6
2021-04-30,014530,극동유화,186202702800.0,0.6409454730166914,2,7
2021-04-30,067310,하나마이크론,463012245500.0,0.6334678861926208,2,8
2021-04-30,035150,백산,222156000000.0,0.6301826164066147,2,9
2021-04-30,000490,대동,253891847000.0,0.6188566096178848,2,10
2021-04-30,298020,효성티앤씨,3128914086000.0,0.5953798414386479,2,11
2021-04-30,001440,대한전선,980661595305.0,0.5781247451510988,2,12
2021-04-30,001570,금양,240988164480.0,0.5433905451689508,2,13
2021-04-30,027710,팜스토리,250687350000.0,0.5343392519770894,2,14
2021-04-30,039860,나노엔텍,285380882550.0,0.53397120344505,2,15
2021-04-30,084110,휴온스글로벌,891444414900.0,0.5188241940470902,2,16
2021-04-30,033160,엠케이전자,249698039050.0,0.5018537106534985,2,17
2021-04-30,166090,하나머티리얼즈,900910236600.0,0.4927318682300529,2,18
2021-04-30,003530,한화투자증권,1122084863250.0,0.45753364580347106,2,19
2021-04-30,067570,엔브이에이치코리아,164670555280.0,0.4431690377180181,2,20
2021-04-30,077360,덕산하이메탈,315787163900.0,0.41352986563992333,2,21
2021-04-30,083650,비에이치아이,114400000000.0,0.40002391439611823,2,22
2021-04-30,071970,STX중공업,238841517920.0,0.39554888455429704,2,23
2021-04-30,005070,코스모신소재,790633118000.0,0.39342258341749764,2,24
2021-04-30,011810,STX,191350949400.0,0.3898795627091712,2,25
2021-04-30,031440,신세계푸드,313283632000.0,0.3779916554412161,2,26
2021-04-30,041510,에스엠,708265530200.0,0.3526783063137801,2,27
2021-04-30,215200,메가스터디교육,685847502000.0,0.3458778974348592,2,28
2021-04-30,033500,동성화인텍,379707855600.0,0.34501035310131795,2,29
2021-04-30,005420,코스모화학,331056988450.0,0.33814334034820515,2,30
2021-05-31,082740,HSD엔진,424263959900.0,0.8505762139358837,2,1
2021-05-31,001440,대한전선,1742922573315.0,0.7904323890825787,2,2
2021-05-31,004540,깨끗한나라,240202469850.0,0.666584501375591,2,3
2021-05-31,031440,신세계푸드,394992960000.0,0.5897425586313697,2,4
2021-05-31,083650,비에이치아이,139620000000.0,0.5787873011287384,2,5
2021-05-31,052690,한전기술,2220582000000.0,0.5310507960386962,2,6
2021-05-31,089030,테크윙,517669425600.0,0.5118009349464804,2,7
2021-05-31,094480,갤럭시아머니트리,277747253040.0,0.4911450121058912,2,8
2021-05-31,014280,금강공업,235445760450.0,0.4780880207328399,2,9
2021-05-31,027710,팜스토리,235089026000.0,0.47486377399973473,2,10
2021-05-31,306200,세아제강,326174500000.0,0.43091591277515595,2,11
2021-05-31,071970,STX중공업,201398429600.0,0.4291231845948087,2,12
2021-05-31,151860,KG ETS,399600000000.0,0.41832159723912776,2,13
2021-05-31,009450,경동나비엔,853016571000.0,0.3914966123667915,2,14
2021-05-31,093520,매커스,111363703880.0,0.37649086979103297,2,15
2021-05-31,034120,SBS,814065157200.0,0.3740869913731108,2,16
2021-05-31,025550,한국선재,118074653010.0,0.3716566886070597,2,17
2021-05-31,014530,극동유화,183413149200.0,0.36309307690528225,2,18
2021-05-31,208370,셀바스헬스케어,64608080720.0,0.3617919742889351,2,19
2021-05-31,004090,한국석유,196758860000.0,0.3542582550858151,2,20
2021-05-31,041510,에스엠,1024874293700.0,0.34737397160930933,2,21
2021-05-31,260930,씨티케이코스메틱스,179683380390.0,0.34662665357554495,2,22
2021-05-31,016450,한세예스24홀딩스,376800000000.0,0.34311050562206924,2,23
2021-05-31,017810,풀무원,827215696300.0,0.33226580551131696,2,24
2021-05-31,104480,티케이케미칼,549917375700.0,0.32677651137318947,2,25
2021-05-31,047040,대우건설,3457980348160.0,0.31013916421526205,2,26
2021-05-31,033160,엠케이전자,247517270150.0,0.30779018917292367,2,27
2021-05-31,101530,해태제과식품,307182472100.0,0.30645000909711395,2,28
2021-05-31,001250,GS글로벌,233157883300.0,0.3043256206278005,2,29
2021-05-31,003160,디아이,224572077050.0,0.3035390018800439,2,30
2021-06-30,033160,엠케이전자,354374946250.0,0.7307799649327263,2,1
2021-06-30,083650,비에이치아이,150020000000.0,0.6504263034674352,2,2
2021-06-30,001440,대한전선,2629372137630.0,0.631923538502571,2,3
2021-06-30,025550,한국선재,166996549740.0,0.573177231493478,2,4
2021-06-30,004540,깨끗한나라,249140236170.0,0.496030944029812,2,5
2021-06-30,104480,티케이케미칼,699894841800.0,0.4444368136900279,2,6
2021-06-30,053700,삼보모터스,146061972160.0,0.43842513201672284,2,7
2021-06-30,082740,HSD엔진,387724480100.0,0.43169147520607304,2,8
2021-06-30,003160,디아이,253549119250.0,0.42588805904254967,2,9
2021-06-30,105550,트루윈,139777150240.0,0.42555703908643877,2,10
2021-06-30,339950,아이비김영,204507280250.0,0.40170304865109435,2,11
2021-06-30,025900,동화기업,1494887098000.0,0.3835129547772891,2,12
2021-06-30,073240,금호타이어,2303827501740.0,0.37016138223596456,2,13
2021-06-30,048550,SM C&C,312545046000.0,0.3576016810179488,2,14
2021-06-30,122870,와이지엔터테인먼트,943814092800.0,0.34751925224720476,2,15
2021-06-30,041510,에스엠,1379536258800.0,0.32040637167849045,2,16
2021-06-30,123410,코리아에프티,119994985840.0,0.3185153339813365,2,17
2021-06-30,071970,STX중공업,236004920320.0,0.3159808572923404,2,18
2021-06-30,014280,금강공업,244198390950.0,0.31581469360255937,2,19
2021-06-30,099220,SDN,155135459080.0,0.3152986662932927,2,20
2021-06-30,009450,경동나비엔,953691573000.0,0.30467216987627715,2,21
2021-06-30,023350,한국종합기술,133590000000.0,0.30411843483409073,2,22
2021-06-30,093520,매커스,116859155160.0,0.3033945662395076,2,23
2021-06-30,001340,백광산업,299605774690.0,0.3023237387318564,2,24
2021-06-30,052690,한전기술,1930110000000.0,0.27562045967018767,2,25
2021-06-30,042510,라온시큐어,210856822840.0,0.2710446810898465,2,26
2021-06-30,102460,이연제약,869331269100.0,0.2694146390661517,2,27
2021-06-30,085660,차바이오텍,1536849765000.0,0.2654168031073817,2,28
2021-06-30,092200,디아이씨,245386870390.0,0.26490121812566564,2,29
2021-06-30,226400,오스테오닉,75730338810.0,0.24881112834337574,2,30
2021-07-30,033160,엠케이전자,447057624500.0,0.8865695289731265,2,1
2021-07-30,001440,대한전선,2222547458355.0,0.6708135301720548,2,2
2021-07-30,041510,에스엠,1383131878800.0,0.653338885038954,2,3
2021-07-30,027710,팜스토리,305281484000.0,0.6480081159582617,2,4
2021-07-30,048550,SM C&C,358892553600.0,0.6040251640118846,2,5
2021-07-30,298050,효성첨단소재,2750688072000.0,0.5832052904546025,2,6
2021-07-30,014580,태경비케이,182875953000.0,0.5692391697854421,2,7
2021-07-30,014280,금강공업,244900130950.0,0.5279079502313498,2,8
2021-07-30,103590,일진전기,239910123300.0,0.5233263179798855,2,9
2021-07-30,077360,덕산하이메탈,357816390750.0,0.4992503277499594,2,10
2021-07-30,083650,비에이치아이,140400000000.0,0.4968914706370728,2,11
2021-07-30,003160,디아이,284730936400.0,0.4789414128275734,2,12
2021-07-30,005070,코스모신소재,1271171060250.0,0.4583298267840168,2,13
2021-07-30,002410,범양건영,186239865000.0,0.45265039504605575,2,14
2021-07-30,260930,씨티케이,229197853350.0,0.4460464926768003,2,15
2021-07-30,336370,솔루스첨단소재,1835385480000.0,0.44500399132298796,2,16
2021-07-30,085660,차바이오텍,1414276115850.0,0.4290051032352939,2,17
2021-07-30,105550,트루윈,139247015050.0,0.39949293837279415,2,18
2021-07-30,166090,하나머티리얼즈,1012183576200.0,0.37783334511802713,2,19
2021-07-30,058730,다스코,105298000000.0,0.3765750702581952,2,20
2021-07-30,004540,깨끗한나라,242809318360.0,0.3758071909368518,2,21
2021-07-30,001340,백광산업,314428849000.0,0.365360522581786,2,22
2021-07-30,025550,한국선재,144681298600.0,0.36156209636283815,2,23
2021-07-30,089030,테크윙,513791752000.0,0.34458479441118917,2,24
2021-07-30,007810,코리아써키트,359035415200.0,0.33809439308434713,2,25
2021-07-30,131290,티에스이,855048461700.0,0.3362394333935182,2,26
2021-07-30,006110,삼아알미늄,167200000000.0,0.3312925570499528,2,27
2021-07-30,122870,와이지엔터테인먼트,971491246300.0,0.3298540331406458,2,28
2021-07-30,051370,인터플렉스,332416476000.0,0.32627370429179603,2,29
2021-07-30,050890,쏠리드,433420224630.0,0.3177662367861294,2,30
2021-08-31,033160,엠케이전자,529926842700.0,0.7822645340772961,2,1
2021-08-31,043650,국순당,170368220160.0,0.6966268718413374,2,2
2021-08-31,025550,한국선재,211872274560.0,0.6397847508318223,2,3
2021-08-31,005420,코스모화학,516460378200.0,0.607891113182738,2,4
2021-08-31,053700,삼보모터스,130449599280.0,0.6031716225098468,2,5
2021-08-31,336370,솔루스첨단소재,1896564996000.0,0.5885585408309296,2,6
2021-08-31,002710,TCC스틸,184005000000.0,0.5796581084006083,2,7
2021-08-31,112040,위메이드,1590960000000.0,0.5526350685023883,2,8
2021-08-31,089980,상아프론테크,1114885838500.0,0.5387665288462808,2,9
2021-08-31,298050,효성첨단소재,2773087812000.0,0.5348371557985244,2,10
2021-08-31,003160,디아이,305833782350.0,0.5174084761014267,2,11
2021-08-31,048550,SM C&C,533746124400.0,0.49091284092734055,2,12
2021-08-31,041510,에스엠,1635621254100.0,0.48607487780821385,2,13
2021-08-31,018470,조일알미늄,199618697345.0,0.4826855797313721,2,14
2021-08-31,213420,덕산네오룩스,1728720864000.0,0.4731441578144318,2,15
2021-08-31,105550,트루윈,155096204380.0,0.4709189591121468,2,16
2021-08-31,004540,깨끗한나라,197375672900.0,0.4479039689556684,2,17
2021-08-31,122870,와이지엔터테인먼트,1117225781400.0,0.4454387673959088,2,18
2021-08-31,009780,엠에스씨,115456000000.0,0.4446194454228435,2,19
2021-08-31,067570,엔브이에이치코리아,153605735360.0,0.44297601216787547,2,20
2021-08-31,077360,덕산하이메탈,339641589950.0,0.437811920969455,2,21
2021-08-31,306200,세아제강,313411150000.0,0.42797392907488496,2,22
2021-08-31,025900,동화기업,1488826744900.0,0.42000585760591036,2,23
2021-08-31,115450,지트리비앤티,281715397600.0,0.3898848363381188,2,24
2021-08-31,014580,태경비케이,168256910000.0,0.38940059304641067,2,25
2021-08-31,317330,덕산테코피아,543971868800.0,0.3850623165430695,2,26
2021-08-31,007810,코리아써키트,376750978450.0,0.37932490413415315,2,27
2021-08-31,039240,경남스틸,182000000000.0,0.3773626767650364,2,28
2021-08-31,220100,퓨쳐켐,279060106950.0,0.3765136262454364,2,29
2021-08-31,000250,삼천당제약,1259072667300.0,0.3542800879743358,2,30
2021-09-30,002710,TCC스틸,206800000000.0,0.700378503654516,2,1
2021-09-30,298050,효성첨단소재,3283801884000.0,0.6292343839896584,2,2
2021-09-30,020150,일진머티리얼즈,4795526840000.0,0.6065616734066444,2,3
2021-09-30,122870,와이지엔터테인먼트,1139676604200.0,0.5712142540096596,2,4
2021-09-30,117580,대성에너지,313500000000.0,0.5605928094212731,2,5
2021-09-30,025900,동화기업,1848407695500.0,0.5560881596464912,2,6
2021-09-30,027710,팜스토리,321436891000.0,0.5541514791105707,2,7
2021-09-30,112040,위메이드,1176000000000.0,0.5375291583705081,2,8
2021-09-30,005420,코스모화학,521151618750.0,0.534668914099351,2,9
2021-09-30,336370,솔루스첨단소재,2187167697000.0,0.4968525228424198,2,10
2021-09-30,042370,비츠로테크,326190311250.0,0.49379303426854065,2,11
2021-09-30,131290,티에스이,746646457500.0,0.4842158171103265,2,12
2021-09-30,089980,상아프론테크,1062994114000.0,0.47804190651805384,2,13
2021-09-30,101360,이엔드디,392174554000.0,0.47793091616640293,2,14
2021-09-30,115450,지트리비앤티,434762704950.0,0.4704762449967218,2,15
2021-09-30,306200,세아제강,326174500000.0,0.4179396584427963,2,16
2021-09-30,006110,삼아알미늄,318450000000.0,0.4102616150079827,2,17
2021-09-30,043650,국순당,153581414400.0,0.38931100114738976,2,18
2021-09-30,082740,HSD엔진,372368330620.0,0.38040094524892154,2,19
2021-09-30,019170,신풍제약,3030741428000.0,0.3781613355085559,2,20
2021-09-30,078600,대주전자재료,1566636011600.0,0.36710977772058717,2,21
2021-09-30,108490,로보티즈,151888500000.0,0.3568210869892529,2,22
2021-09-30,007810,코리아써키트,308250800550.0,0.35257899799268905,2,23
2021-09-30,008730,율촌화학,605120000000.0,0.35169048855984353,2,24
2021-09-30,033160,엠케이전자,477588389100.0,0.34821845485626035,2,25
2021-09-30,058730,다스코,92413140720.0,0.34389437586471555,2,26
2021-09-30,053050,지에스이,86214341375.0,0.32307670560482116,2,27
2021-09-30,003090,대웅,1933220835000.0,0.3209072615440564,2,28
2021-09-30,128660,피제이메탈,131953923080.0,0.3201879152762681,2,29
2021-09-30,102940,코오롱생명과학,415980376200.0,0.3178504602900097,2,30
2021-10-29,112040,위메이드,6079458935200.0,0.8476149754403701,2,1
2021-10-29,082740,HSD엔진,431237100580.0,0.7406036192520354,2,2
2021-10-29,115450,지트리비앤티,442889110650.0,0.6883160426725098,2,3
2021-10-29,122870,와이지엔터테인먼트,1296428240700.0,0.6573229912598842,2,4
2021-10-29,068240,다원시스,1038468990300.0,0.6412599261434045,2,5
2021-10-29,336370,솔루스첨단소재,2517537083400.0,0.6260960901422976,2,6
2021-10-29,101490,에스앤에스텍,787268104900.0,0.5522381370798645,2,7
2021-10-29,041510,에스엠,1855369368200.0,0.5280385784709057,2,8
2021-10-29,020150,일진머티리얼즈,4634138917500.0,0.5241660484760358,2,9
2021-10-29,042420,네오위즈홀딩스,442843300000.0,0.5211984028939042,2,10
2021-10-29,054950,제이브이엠,194042766600.0,0.4870805313376583,2,11
2021-10-29,053050,지에스이,90712480925.0,0.4778178939669243,2,12
2021-10-29,056190,에스에프에이,1263988352000.0,0.4769321412253379,2,13
2021-10-29,131290,티에스이,664791882900.0,0.44670862935455286,2,14
2021-10-29,306200,세아제강,292138900000.0,0.4465502783083054,2,15
2021-10-29,094480,갤럭시아머니트리,321292373220.0,0.4453365541523652,2,16
2021-10-29,117580,대성에너지,264000000000.0,0.4334937229579917,2,17
2021-10-29,272290,이녹스첨단소재,832806299200.0,0.42434167881548057,2,18
2021-10-29,019170,신풍제약,2744622482000.0,0.42428301512161826,2,19
2021-10-29,006110,삼아알미늄,292050000000.0,0.4237333308099473,2,20
2021-10-29,053700,삼보모터스,121978846080.0,0.4165378762641011,2,21
2021-10-29,025900,동화기업,1704979338800.0,0.4122521526374029,2,22
2021-10-29,024910,경창산업,137186789150.0,0.4030202172409179,2,23
2021-10-29,007810,코리아써키트,372026828250.0,0.39926322381521456,2,24
2021-10-29,003160,디아이,249139569350.0,0.3982982697559688,2,25
2021-10-29,086390,유니테스트,623456717000.0,0.39480964915202893,2,26
2021-10-29,123410,코리아에프티,101480678280.0,0.3947199331780401,2,27
2021-10-29,009450,경동나비엔,976095664000.0,0.38025795109877814,2,28
2021-10-29,018000,유니슨,419981440950.0,0.3741844835602461,2,29
2021-10-29,053610,프로텍,295900000000.0,0.36420989268582976,2,30
2021-11-30,336370,솔루스첨단소재,2991678332400.0,0.8608917378200553,2,1
2021-11-30,025900,동화기업,2240310529300.0,0.8132477903881431,2,2
2021-11-30,020150,일진머티리얼즈,5925242297500.0,0.7441739378345846,2,3
2021-11-30,112040,위메이드,6564486796000.0,0.7265195347528967,2,4
2021-11-30,137400,피엔티,1087029264400.0,0.7078511939440716,2,5
2021-11-30,078600,대주전자재료,1882440108800.0,0.700039001012798,2,6
2021-11-30,007810,코리아써키트,542096235450.0,0.6388372842927234,2,7
2021-11-30,063080,게임빌,1251767441600.0,0.6316957493289999,2,8
2021-11-30,083310,엘오티베큠,236873438900.0,0.621799316595611,2,9
2021-11-30,030520,한글과컴퓨터,730911070000.0,0.6210632382292839,2,10
2021-11-30,249420,일동제약,405846009250.0,0.6104569638977048,2,11
2021-11-30,069080,웹젠,859820025400.0,0.6032775740403483,2,12
2021-11-30,131370,알서포트,462358280440.0,0.6023573866890732,2,13
2021-11-30,077360,덕산하이메탈,316923088950.0,0.5953308533251735,2,14
2021-11-30,121600,나노신소재,724668644400.0,0.5936834853812472,2,15
2021-11-30,026890,디피씨,662682982500.0,0.5765841771927448,2,16
2021-11-30,299900,위지윅스튜디오,2102425273200.0,0.5614608512346198,2,17
2021-11-30,101490,에스앤에스텍,677865725200.0,0.5591743102028242,2,18
2021-11-30,032190,다우데이타,497900000000.0,0.5500701640129092,2,19
2021-11-30,079940,가비아,161074639600.0,0.5257297455186852,2,20
2021-11-30,071970,STX중공업,115024032680.0,0.5197259573818981,2,21
2021-11-30,017960,한국카본,410153862810.0,0.5070699582439385,2,22
2021-11-30,005290,동진쎄미켐,1730097723100.0,0.5024285372986478,2,23
2021-11-30,095610,테스,507054996900.0,0.48153616974899677,2,24
2021-11-30,095340,ISC,429330190200.0,0.463276265553008,2,25
2021-11-30,141080,레고켐바이오,1186299236100.0,0.4631065832605907,2,26
2021-11-30,003090,대웅,1796587182000.0,0.45988176118353985,2,27
2021-11-30,054450,텔레칩스,191783936200.0,0.44821421889900914,2,28
2021-11-30,123410,코리아에프티,82409549440.0,0.44472260141251424,2,29
2021-11-30,103590,일진전기,171311401800.0,0.43739019522929884,2,30
2021-12-30,077360,덕산하이메탈,466865195550.0,0.9541551183040847,2,1
2021-12-30,249420,일동제약,799790376000.0,0.8446836858321032,2,2
2021-12-30,083310,엘오티베큠,306332567600.0,0.8178375419687152,2,3
2021-12-30,007810,코리아써키트,736967431200.0,0.7446064702718385,2,4
2021-12-30,036930,주성엔지니어링,1013233452000.0,0.7359375485372274,2,5
2021-12-30,112040,위메이드,5928031477200.0,0.730470976893829,2,6
2021-12-30,336370,솔루스첨단소재,2731665389400.0,0.7262355062202983,2,7
2021-12-30,003090,대웅,1805308479000.0,0.7132293326187571,2,8
2021-12-30,095340,ISC,584848640600.0,0.7082385725428154,2,9
2021-12-30,141080,레고켐바이오,1352308424400.0,0.6875164200055324,2,10
2021-12-30,005290,동진쎄미켐,2622139194000.0,0.68525428464743,2,11
2021-12-30,071970,STX중공업,134454726240.0,0.652285820652737,2,12
2021-12-30,124560,태웅로직스,171728401680.0,0.6504359765009823,2,13
2021-12-30,299900,위지윅스튜디오,1700742395800.0,0.6255341477284119,2,14
2021-12-30,137400,피엔티,996064472400.0,0.5762497494619269,2,15
2021-12-30,095500,미래나노텍,246340349430.0,0.5743250209267402,2,16
2021-12-30,101490,에스앤에스텍,789413249600.0,0.5659208288634291,2,17
2021-12-30,069080,웹젠,1020484547600.0,0.5607632669422535,2,18
2021-12-30,031980,피에스케이홀딩스,385966870500.0,0.5492603570228728,2,19
2021-12-30,060570,드림어스컴퍼니,334335900360.0,0.5458793422019574,2,20
2021-12-30,102120,어보브반도체,248800055250.0,0.526961417702882,2,21
2021-12-30,051360,토비스,143265187060.0,0.5266062680325964,2,22
2021-12-30,032190,다우데이타,578330000000.0,0.5147271988850937,2,23
2021-12-30,181710,NHN,880426125000.0,0.5128361204510274,2,24
2021-12-30,060250,NHN한국사이버결제,1093098195250.0,0.47644306294826466,2,25
2021-12-30,071280,로체시스템즈,93156312270.0,0.471297785872216,2,26
2021-12-30,077500,유니퀘스트,330849997500.0,0.46777664819187825,2,27
2021-12-30,063080,컴투스홀딩스,1566358100000.0,0.4665495317518324,2,28
2021-12-30,025820,이구산업,121561670000.0,0.44261614197298554,2,29
2021-12-30,095610,테스,588104723500.0,0.44068485499158033,2,30
2022-01-28,094170,동운아나텍,148002600520.0,0.9241500406255492,3,1
2022-01-28,214370,케어젠,683254800000.0,0.9122216805677678,3,2
2022-01-28,095340,ISC,526115608800.0,0.9077033872025198,3,3
2022-01-28,052020,에스티큐브,238492043400.0,0.9014253936305371,3,4
2022-01-28,002710,TCC스틸,223250000000.0,0.900522927204985,3,5
2022-01-28,087010,펩트론,182547649050.0,0.8950181084539666,3,6
2022-01-28,004690,삼천리,383199862500.0,0.8895386816230957,3,7
2022-01-28,058610,에스피지,268346056000.0,0.8589796432456399,3,8
2022-01-28,005070,코스모신소재,1195953837750.0,0.8023450119472814,3,9
2022-01-28,103590,일진전기,169086578400.0,0.786618206911803,3,10
2022-01-28,060280,큐렉소,270935838900.0,0.7619496142887783,3,11
2022-01-28,010060,OCI,2113054270600.0,0.7471307343387835,3,12
2022-01-28,003670,포스코케미칼,8559685810000.0,0.7389147760174428,3,13
2022-01-28,298040,효성중공업,489538770000.0,0.68174302696127,3,14
2022-01-28,247540,에코프로비엠,7524460687800.0,0.661978413195103,3,15
2022-01-28,077360,덕산하이메탈,393030067300.0,0.63901692294608,3,16
2022-01-28,253590,네오셈,125277690825.0,0.6256232951279339,3,17
2022-01-28,007660,이수페타시스,423751007300.0,0.620751100504836,3,18
2022-01-28,033500,동성화인텍,294722120800.0,0.5954438744241137,3,19
2022-01-28,179290,엠아이텍,207269309880.0,0.5715983325296835,3,20
2022-01-28,267260,현대일렉트릭,629022505750.0,0.5452310021908027,3,21
2022-01-28,083310,엘오티베큠,277836514800.0,0.5388557469794563,3,22
2022-01-28,005420,코스모화학,349644970350.0,0.5283356302520705,3,23
2022-01-28,195870,해성디에스,909500000000.0,0.5230917913492165,3,24
2022-01-28,095500,미래나노텍,209317493250.0,0.5042471947946539,3,25
2022-01-28,054450,텔레칩스,282948835450.0,0.4712879919593927,3,26
2022-01-28,061970,엘비세미콘,525415104000.0,0.4596513158114088,3,27
2022-01-28,051360,토비스,163827168400.0,0.43919948603895137,3,28
2022-01-28,025820,이구산업,113702800000.0,0.4291129298475939,3,29
2022-01-28,035900,JYP Ent.,1455397172000.0,0.42160805392687745,3,30
2022-02-28,087010,펩트론,193892418200.0,0.9051197228021128,3,1
2022-02-28,002710,TCC스틸,224660000000.0,0.8897479025972379,3,2
2022-02-28,094170,동운아나텍,133764820660.0,0.87821717558611,3,3
2022-02-28,058610,에스피지,263910584000.0,0.8745176346273,3,4
2022-02-28,214370,케어젠,631688400000.0,0.871579772224505,3,5
2022-02-28,005070,코스모신소재,1164362604300.0,0.8149839194131775,3,6
2022-02-28,010060,OCI,2504183955000.0,0.8123545455478053,3,7
2022-02-28,004690,삼천리,411585037500.0,0.794110040091893,3,8
2022-02-28,095340,ISC,548083336500.0,0.7549461026742667,3,9
2022-02-28,025820,이구산업,146475960000.0,0.7257169348884661,3,10
2022-02-28,077360,덕산하이메탈,394165992350.0,0.7076062351748593,3,11
2022-02-28,179290,엠아이텍,209969306580.0,0.6904054505047944,3,12
2022-02-28,060280,큐렉소,257890779990.0,0.6700407780803015,3,13
2022-02-28,084010,대한제강,584127595800.0,0.6583164026233518,3,14
2022-02-28,007660,이수페타시스,456006680990.0,0.6561515819537609,3,15
2022-02-28,247540,에코프로비엠,8599383643200.0,0.6144642447227522,3,16
2022-02-28,103590,일진전기,178912881750.0,0.6097091231473349,3,17
2022-02-28,003670,포스코케미칼,8792075470000.0,0.6034218073272292,3,18
2022-02-28,298040,효성중공업,520309778400.0,0.5883789894053815,3,19
2022-02-28,033160,엠케이전자,326024950550.0,0.5540070575653788,3,20
2022-02-28,005420,코스모화학,377505127350.0,0.5173933758288615,3,21
2022-02-28,083310,엘오티베큠,254683471900.0,0.4982040800958532,3,22
2022-02-28,051370,인터플렉스,466549440000.0,0.4963387387765497,3,23
2022-02-28,052020,에스티큐브,185901490240.0,0.4834608801203323,3,24
2022-02-28,035900,JYP Ent.,1769549976200.0,0.4751848282809085,3,25
2022-02-28,003220,대원제약,396904190100.0,0.4736307293650675,3,26
2022-02-28,195870,해성디에스,902700000000.0,0.46982516240842714,3,27
2022-02-28,061970,엘비세미콘,488198200800.0,0.46943981662845197,3,28
2022-02-28,041510,에스엠,1763437274200.0,0.46880431438778036,3,29
2022-02-28,192650,드림텍,735111798750.0,0.4483655317801503,3,30
2022-03-31,058610,에스피지,313809644000.0,0.8936110921044463,3,1
2022-03-31,002710,TCC스틸,254975000000.0,0.7781004165401346,3,2
2022-03-31,103590,일진전기,208762595700.0,0.7236537475283085,3,3
2022-03-31,083650,비에이치아이,163540000000.0,0.7054305082720205,3,4
2022-03-31,087010,펩트론,216581956500.0,0.6909095008582784,3,5
2022-03-31,005070,코스모신소재,1102684481850.0,0.6800381418016173,3,6
2022-03-31,094170,동운아나텍,123042542000.0,0.6295430048270529,3,7
2022-03-31,025820,이구산업,163531380000.0,0.592777207559283,3,8
2022-03-31,077360,덕산하이메탈,428243743850.0,0.5755883094380171,3,9
2022-03-31,004690,삼천리,429832650000.0,0.5744909121174353,3,10
2022-03-31,117730,티로보틱스,129073850290.0,0.5678631257749894,3,11
2022-03-31,306200,세아제강,354537500000.0,0.5676841146420294,3,12
2022-03-31,033160,엠케이전자,379453788600.0,0.5589030482060406,3,13
2022-03-31,290650,엘앤씨바이오,848414923400.0,0.541421288849222,3,14
2022-03-31,194370,제이에스코퍼레이션,348725966150.0,0.5374076039431285,3,15
2022-03-31,095340,ISC,517634262250.0,0.5283086696553716,3,16
2022-03-31,003670,포스코케미칼,9334318010000.0,0.5244294162908036,3,17
2022-03-31,179290,엠아이텍,262063578480.0,0.5229359467212515,3,18
2022-03-31,005420,코스모화학,405365284350.0,0.5197439580262414,3,19
2022-03-31,093520,매커스,193957104000.0,0.5105801215408111,3,20
2022-03-31,010060,OCI,2504183955000.0,0.5066687314673513,3,21
2022-03-31,214370,케어젠,1078597200000.0,0.5053919935927318,3,22
2022-03-31,083310,엘오티베큠,268040996650.0,0.49910041734438754,3,23
2022-03-31,298040,효성중공업,570662337600.0,0.49184699763527584,3,24
2022-03-31,065450,빅텍,195698624000.0,0.4872358359272969,3,25
2022-03-31,060280,큐렉소,269597884140.0,0.4476801247545187,3,26
2022-03-31,052020,에스티큐브,225650164140.0,0.4290421856191397,3,27
2022-03-31,048530,인트론바이오,746194149700.0,0.3988459149197881,3,28
2022-03-31,137400,피엔티,1146156379200.0,0.3834933655617441,3,29
2022-03-31,206640,바디텍메드,416886440000.0,0.38003116711392243,3,30
2022-04-29,058610,에스피지,362599836000.0,0.9319934878650492,3,1
2022-04-29,005070,코스모신소재,1687874472900.0,0.8764287392279281,3,2
2022-04-29,002710,TCC스틸,287875000000.0,0.8752296687439187,3,3
2022-04-29,103590,일진전기,208762595700.0,0.7543190928952206,3,4
2022-04-29,290650,엘앤씨바이오,908529884550.0,0.7092477596224066,3,5
2022-04-29,087010,펩트론,195336297910.0,0.6814112750985893,3,6
2022-04-29,005420,코스모화학,473622669000.0,0.6789871710081994,3,7
2022-04-29,067570,엔브이에이치코리아,147054709760.0,0.630933393637178,3,8
2022-04-29,095340,ISC,624641008900.0,0.6209143124374851,3,9
2022-04-29,175250,아이큐어,239420878200.0,0.6136970642209343,3,10
2022-04-29,253590,네오셈,156426800750.0,0.5949544137695696,3,11
2022-04-29,077360,덕산하이메탈,217188869560.0,0.5789211988358777,3,12
2022-04-29,071970,STX중공업,147219415440.0,0.5210943331429875,3,13
2022-04-29,003670,포스코케미칼,10534997920000.0,0.5013325138027724,3,14
2022-04-29,025900,동화기업,1666597102500.0,0.4996844153279915,3,15
2022-04-29,083650,비에이치아이,151060000000.0,0.4966067903790512,3,16
2022-04-29,094170,동운아나텍,107398561660.0,0.4939015259018814,3,17
2022-04-29,025820,이구산업,152495520000.0,0.492140058918545,3,18
2022-04-29,214370,케어젠,1396590000000.0,0.4804961010516739,3,19
2022-04-29,306200,세아제강,463735050000.0,0.47418147630639884,3,20
2022-04-29,124560,태웅로직스,184231948560.0,0.45794272955638987,3,21
2022-04-29,101530,해태제과식품,254189856060.0,0.44902177047918496,3,22
2022-04-29,194370,제이에스코퍼레이션,312053063400.0,0.4453027193710449,3,23
2022-04-29,083310,엘오티베큠,263588488400.0,0.4448654152918875,3,24
2022-04-29,214420,토니모리,169345784960.0,0.43938543527557095,3,25
2022-04-29,033160,엠케이전자,331476872800.0,0.4252932586025998,3,26
2022-04-29,065450,빅텍,197704320000.0,0.42041018023409943,3,27
2022-04-29,001390,KG케미칼,582376032000.0,0.4154436994849829,3,28
2022-04-29,010060,OCI,2516108640500.0,0.4147188987736509,3,29
2022-04-29,048530,인트론바이오,616421254100.0,0.40973817394917905,3,30
2022-05-31,058610,에스피지,402519084000.0,0.7137227078690577,3,1
2022-05-31,058730,다스코,135856316050.0,0.6920179234165607,3,2
2022-05-31,036890,진성티이씨,267538989200.0,0.6551668616895817,3,3
2022-05-31,002710,TCC스틸,273775000000.0,0.5946683312286717,3,4
2022-05-31,005420,코스모화학,484766731800.0,0.542060327017351,3,5
2022-05-31,023350,한국종합기술,90118500000.0,0.5291565496445068,3,6
2022-05-31,004430,송원산업,606000000000.0,0.5286203297487957,3,7
2022-05-31,002150,도화엔지니어링,360804000000.0,0.5152636425813637,3,8
2022-05-31,290650,엘앤씨바이오,880173770800.0,0.4823527132548335,3,9
2022-05-31,079810,디이엔티,125667403380.0,0.48191452156283004,3,10
2022-05-31,054450,텔레칩스,247833466850.0,0.4816569276757469,3,11
2022-05-31,008830,대동기어,86190316800.0,0.479169765137826,3,12
2022-05-31,071970,STX중공업,130767149360.0,0.4671820475271887,3,13
2022-05-31,125210,아모그린텍,223531504500.0,0.46400682505514296,3,14
2022-05-31,298040,효성중공업,580919340400.0,0.4618565231929766,3,15
2022-05-31,247540,에코프로비엠,11574330330000.0,0.45266865739913836,3,16
2022-05-31,103590,일진전기,247697005200.0,0.4513034889055954,3,17
2022-05-31,274090,켄코아에어로스페이스,187036426300.0,0.43130984421617335,3,18
2022-05-31,094480,갤럭시아머니트리,309915720200.0,0.4152835817909062,3,19
2022-05-31,067570,엔브이에이치코리아,141638632280.0,0.4148794161063241,3,20
2022-05-31,214370,케어젠,1122643500000.0,0.41061608456583354,3,21
2022-05-31,033160,엠케이전자,318392259400.0,0.40859334493841815,3,22
2022-05-31,063170,서울옥션,434580828150.0,0.4067762248846259,3,23
2022-05-31,078160,메디포스트,404978430600.0,0.4051479466763831,3,24
2022-05-31,065450,빅텍,200856128000.0,0.3975778728774351,3,25
2022-05-31,105840,우진,261158439900.0,0.39735252451423264,3,26
2022-05-31,179290,엠아이텍,372397128300.0,0.39418478846206967,3,27
2022-05-31,060720,KH바텍,535110189200.0,0.38881536217879376,3,28
2022-05-31,009200,무림페이퍼,128988861000.0,0.37934910474539174,3,29
2022-05-31,119850,지엔씨에너지,88330641330.0,0.37594784767157097,3,30
2022-06-30,036890,진성티이씨,237187927400.0,0.672214064416542,3,1
2022-06-30,071970,STX중공업,127505062120.0,0.6089701833020321,3,2
2022-06-30,067570,엔브이에이치코리아,111439897240.0,0.6079776741538243,3,3
2022-06-30,023350,한국종합기술,82125000000.0,0.5871075967150668,3,4
2022-06-30,058730,다스코,106367388960.0,0.5511044920915712,3,5
2022-06-30,103590,일진전기,259191926100.0,0.5380326945019366,3,6
2022-06-30,298040,효성중공업,587446524000.0,0.4989617106895509,3,7
2022-06-30,077970,STX엔진,333629108000.0,0.4960639629703541,3,8
2022-06-30,003160,디아이,184886127950.0,0.48372000994860465,3,9
2022-06-30,101160,월덱스,293895675400.0,0.47462011290004996,3,10
2022-06-30,058610,에스피지,287196812000.0,0.46754380015403846,3,11
2022-06-30,094170,동운아나텍,143959774140.0,0.46398416410514143,3,12
2022-06-30,005420,코스모화학,423474386400.0,0.454531400591259,3,13
2022-06-30,206640,바디텍메드,261875144000.0,0.4461882881123998,3,14
2022-06-30,004430,송원산업,476400000000.0,0.4448993175887052,3,15
2022-06-30,060720,KH바텍,440400421200.0,0.4387902632916887,3,16
2022-06-30,001390,KG케미칼,377851116000.0,0.4336371067345,3,17
2022-06-30,010120,LS ELECTRIC,1728000000000.0,0.42896223613578066,3,18
2022-06-30,290650,엘앤씨바이오,703231621000.0,0.42206552300753836,3,19
2022-06-30,175250,아이큐어,204267812750.0,0.4216294460789108,3,20
2022-06-30,079810,디이엔티,103088862820.0,0.41361721265729706,3,21
2022-06-30,002710,TCC스틸,279650000000.0,0.40614948272443424,3,22
2022-06-30,054450,텔레칩스,195368345100.0,0.3991038763837469,3,23
2022-06-30,099220,SDN,149334682440.0,0.3967707050052654,3,24
2022-06-30,002150,도화엔지니어링,314270400000.0,0.39507822067961057,3,25
2022-06-30,214370,케어젠,1036699500000.0,0.3933039375144739,3,26
2022-06-30,099440,스맥,97879799350.0,0.3863845212487224,3,27
2022-06-30,044490,태웅,228084143400.0,0.3774374455422356,3,28
2022-06-30,125210,아모그린텍,183114369000.0,0.37330328009327357,3,29
2022-06-30,322000,현대에너지솔루션,402640000000.0,0.37063485289034015,3,30
2022-07-29,036890,진성티이씨,243932607800.0,0.6309432626777721,3,1
2022-07-29,206640,바디텍메드,298279312000.0,0.6209686374378453,3,2
2022-07-29,002710,TCC스틸,327825000000.0,0.606123053808767,3,3
2022-07-29,175250,아이큐어,281224523600.0,0.5320407205852642,3,4
2022-07-29,067570,엔브이에이치코리아,120630816600.0,0.5217304012107492,3,5
2022-07-29,290650,엘앤씨바이오,679412485450.0,0.48725583913567283,3,6
2022-07-29,058610,에스피지,326007192000.0,0.47173104573676655,3,7
2022-07-29,005420,코스모화학,591639053200.0,0.4665235463000899,3,8
2022-07-29,101160,월덱스,332696508950.0,0.4576803797936949,3,9
2022-07-29,187420,제노포커스,135669030300.0,0.45595152012079965,3,10
2022-07-29,094480,갤럭시아머니트리,290300801200.0,0.44376338035941365,3,11
2022-07-29,044490,태웅,206076024300.0,0.4379184136389255,3,12
2022-07-29,005070,코스모신소재,1642880521600.0,0.41992741626238156,3,13
2022-07-29,103590,일진전기,249180220800.0,0.4142555794709854,3,14
2022-07-29,051370,인터플렉스,309089004000.0,0.4092554407834097,3,15
2022-07-29,006110,삼아알미늄,219450000000.0,0.38626548960139523,3,16
2022-07-29,079810,디이엔티,112447073710.0,0.3728516877989914,3,17
2022-07-29,102710,이엔에프테크놀로지,436493389800.0,0.36626046068928186,3,18
2022-07-29,125210,아모그린텍,207034714500.0,0.36536521775458164,3,19
2022-07-29,094170,동운아나텍,146947950160.0,0.3615291190040271,3,20
2022-07-29,102940,코오롱생명과학,433669528000.0,0.35895514303663567,3,21
2022-07-29,023350,한국종합기술,76650000000.0,0.35802899876093247,3,22
2022-07-29,047400,유니온머티리얼,108150000000.0,0.35525679745030975,3,23
2022-07-29,102460,이연제약,471562717400.0,0.35298302306859897,3,24
2022-07-29,001570,금양,424528438600.0,0.34484744449503946,3,25
2022-07-29,123410,코리아에프티,79068621760.0,0.34335722450945405,3,26
2022-07-29,053030,바이넥스,455771038800.0,0.33894300224754054,3,27
2022-07-29,267260,현대일렉트릭,989493855750.0,0.3328572140530905,3,28
2022-07-29,010120,LS ELECTRIC,1740000000000.0,0.3260023215178198,3,29
2022-07-29,174900,앱클론,176923696950.0,0.3244593517936883,3,30
2022-08-31,006110,삼아알미늄,293700000000.0,0.5848453676062434,3,1
2022-08-31,124560,태웅로직스,243176976720.0,0.5771193214820154,3,2
2022-08-31,023350,한국종합기술,94170000000.0,0.5760371093104575,3,3
2022-08-31,002710,TCC스틸,297275000000.0,0.5676703928915908,3,4
2022-08-31,058610,에스피지,360382100000.0,0.5427310244137887,3,5
2022-08-31,005420,코스모화학,854200763200.0,0.5296203964571037,3,6
2022-08-31,053700,삼보모터스,89884103400.0,0.5196728685817772,3,7
2022-08-31,077970,STX엔진,411859381600.0,0.5150064270627143,3,8
2022-08-31,094170,동운아나텍,194919489800.0,0.5117633828943012,3,9
2022-08-31,101160,월덱스,344254204050.0,0.4986001994360611,3,10
2022-08-31,290650,엘앤씨바이오,595478388750.0,0.4895851569716802,3,11
2022-08-31,063170,서울옥션,383035453850.0,0.4867800209581321,3,12
2022-08-31,048550,SM C&C,369591088800.0,0.4833832522833007,3,13
2022-08-31,079810,디이엔티,128652140700.0,0.4808456837976126,3,14
2022-08-31,102940,코오롱생명과학,461059182400.0,0.47432186868746223,3,15
2022-08-31,036890,진성티이씨,237187927400.0,0.4664833302272162,3,16
2022-08-31,033160,엠케이전자,286771110350.0,0.451496371515598,3,17
2022-08-31,044490,태웅,274101119700.0,0.45139283224092525,3,18
2022-08-31,008830,대동기어,87718195200.0,0.4502529427753877,3,19
2022-08-31,267260,현대일렉트릭,1151705963250.0,0.447832371564619,3,20
2022-08-31,125210,아모그린텍,270547356000.0,0.43182071674430345,3,21
2022-08-31,095500,미래나노텍,344210988900.0,0.4048792056374007,3,22
2022-08-31,108490,로보티즈,272059244400.0,0.3793511476059463,3,23
2022-08-31,060720,KH바텍,451055270100.0,0.3571841619431266,3,24
2022-08-31,001260,남광토건,111067858200.0,0.35068885991451215,3,25
2022-08-31,041510,에스엠,1646572549200.0,0.3477724982023621,3,26
2022-08-31,047400,유니온머티리얼,133350000000.0,0.3454447701417745,3,27
2022-08-31,187420,제노포커스,145343604600.0,0.34120075536525724,3,28
2022-08-31,047920,HLB제약,524926067400.0,0.3404161204620506,3,29
2022-08-31,220260,켐트로스,316043853300.0,0.3333206991254796,3,30
2022-09-30,053700,삼보모터스,113319853920.0,0.7085326779849148,3,1
2022-09-30,005420,코스모화학,798187598400.0,0.7009099395852194,3,2
2022-09-30,058610,에스피지,383668328000.0,0.5726333994549766,3,3
2022-09-30,101160,월덱스,264175888000.0,0.568065655309827,3,4
2022-09-30,067570,엔브이에이치코리아,111275773680.0,0.5568862832482607,3,5
2022-09-30,063170,서울옥션,323491659400.0,0.5560979310073352,3,6
2022-09-30,079810,디이엔티,147449219940.0,0.5535148803906066,3,7
2022-09-30,102940,코오롱생명과학,450217444200.0,0.5322814255129991,3,8
2022-09-30,036890,진성티이씨,185703533680.0,0.5167242688744041,3,9
2022-09-30,290650,엘앤씨바이오,543303139450.0,0.4824695838540016,3,10
2022-09-30,006110,삼아알미늄,245300000000.0,0.4809078088743009,3,11
2022-09-30,194700,노바렉스,215680752000.0,0.4735316248447164,3,12
2022-09-30,071970,STX중공업,104386791680.0,0.46300871532273724,3,13
2022-09-30,187420,제노포커스,163306322500.0,0.4269946945250174,3,14
2022-09-30,175250,아이큐어,102988980940.0,0.39442832215154394,3,15
2022-09-30,044490,태웅,200073810000.0,0.3813700757916666,3,16
2022-09-30,033160,엠케이전자,203901892150.0,0.37871814484863375,3,17
2022-09-30,054450,텔레칩스,181512434100.0,0.3733116744350091,3,18
2022-09-30,048550,SM C&C,296437872000.0,0.3724867436461014,3,19
2022-09-30,095500,미래나노텍,379872487750.0,0.3693518301766098,3,20
2022-09-30,005070,코스모신소재,1547863178000.0,0.36264187556652605,3,21
2022-09-30,041510,에스엠,1684657750800.0,0.3566464650168408,3,22
2022-09-30,118990,모트렉스,328239700000.0,0.35576846011540425,3,23
2022-09-30,002710,TCC스틸,204460186170.0,0.34655324909003365,3,24
2022-09-30,094480,갤럭시아머니트리,192226206200.0,0.34318973283769216,3,25
2022-09-30,083420,그린케미칼,207840000000.0,0.3416676817048356,3,26
2022-09-30,214150,클래시스,874485477000.0,0.3396939912571292,3,27
2022-09-30,125210,아모그린텍,243327652500.0,0.3340281705297247,3,28
2022-09-30,213500,한솔제지,357008640000.0,0.3249025458083061,3,29
2022-09-30,095660,네오위즈,813044231100.0,0.3225112972551164,3,30
2022-10-31,006110,삼아알미늄,308000000000.0,0.6981947286564398,3,1
2022-10-31,005420,코스모화학,882207345600.0,0.6706927904771994,3,2
2022-10-31,053700,삼보모터스,111586064370.0,0.6594457489574448,3,3
2022-10-31,036890,진성티이씨,242808494400.0,0.620669929069289,3,4
2022-10-31,101160,월덱스,315359966300.0,0.6061484369918565,3,5
2022-10-31,067570,엔브이에이치코리아,113409379960.0,0.5636197074177154,3,6
2022-10-31,033160,엠케이전자,220257658900.0,0.5253000826226143,3,7
2022-10-31,071970,STX중공업,107138433550.0,0.4984408106964591,3,8
2022-10-31,094480,갤럭시아머니트리,198110681900.0,0.43349087308341183,3,9
2022-10-31,206640,바디텍메드,241911568000.0,0.43145903742085706,3,10
2022-10-31,290650,엘앤씨바이오,509275802950.0,0.4259009667152639,3,11
2022-10-31,048550,SM C&C,297872248800.0,0.4146906085565482,3,12
2022-10-31,194700,노바렉스,223182691200.0,0.3997469754483278,3,13
2022-10-31,002710,TCC스틸,230545629120.0,0.3752863073962668,3,14
2022-10-31,044490,태웅,201074179050.0,0.37495000198063166,3,15
2022-10-31,101490,에스앤에스텍,533068457950.0,0.37463895578982404,3,16
2022-10-31,092200,디아이씨,155554276000.0,0.3643743804562785,3,17
2022-10-31,060720,KH바텍,287680920300.0,0.3569489775302547,3,18
2022-10-31,041510,에스엠,1691924111100.0,0.3459821915346752,3,19
2022-10-31,047400,유니온머티리얼,128520000000.0,0.34298694545201325,3,20
2022-10-31,023350,한국종합기술,76431000000.0,0.33768777489422935,3,21
2022-10-31,003220,대원제약,368051786600.0,0.33643605204665983,3,22
2022-10-31,063170,서울옥션,317270665950.0,0.3254531272953158,3,23
2022-10-31,058610,에스피지,368144176000.0,0.31431809125346255,3,24
2022-10-31,083420,그린케미칼,236640000000.0,0.3129909008135179,3,25
2022-10-31,059090,미코,310441867620.0,0.31241301520473636,3,26
2022-10-31,095610,테스,314314793400.0,0.3090909638589407,3,27
2022-10-31,001390,KG케미칼,318920208000.0,0.3020218198409006,3,28
2022-10-31,058630,엠게임,118240455850.0,0.295198439174081,3,29
2022-10-31,054450,텔레칩스,172506091950.0,0.2902573481900085,3,30
2022-11-30,101490,에스앤에스텍,594205081900.0,0.7894705855285739,3,1
2022-11-30,067080,대화제약,196405657500.0,0.6942858569058061,3,2
2022-11-30,006110,삼아알미늄,358050000000.0,0.5729940032066263,3,3
2022-11-30,082920,비츠로셀,299394212800.0,0.5644801351171268,3,4
2022-11-30,033160,엠케이전자,238794194550.0,0.4925118424659476,3,5
2022-11-30,094480,갤럭시아머니트리,199679875420.0,0.47851903724535055,3,6
2022-11-30,041440,현대에버다임,160706017680.0,0.4404246694521838,3,7
2022-11-30,000250,삼천당제약,1023423442950.0,0.4395207635936164,3,8
2022-11-30,003670,포스코케미칼,16925713570000.0,0.4346478352822603,3,9
2022-11-30,207760,미스터블루,176173799400.0,0.43385213457587224,3,10
2022-11-30,217270,넵튠,561546843000.0,0.4194212500507792,3,11
2022-11-30,103590,일진전기,211729026900.0,0.4173987868871411,3,12
2022-11-30,059090,미코,314786048760.0,0.3983356118985298,3,13
2022-11-30,003220,대원제약,388959779400.0,0.3922462224171957,3,14
2022-11-30,023350,한국종합기술,87709500000.0,0.37721266487091576,3,15
2022-11-30,101160,월덱스,329394310350.0,0.3715849642582563,3,16
2022-11-30,052690,한전기술,2316132000000.0,0.3496613272566702,3,17
2022-11-30,011810,STX,220385195800.0,0.3490809550623221,3,18
2022-11-30,041510,에스엠,1887438411300.0,0.34675053673273293,3,19
2022-11-30,095660,네오위즈,891263933550.0,0.34397069367179106,3,20
2022-11-30,080580,오킨스전자,353585960000.0,0.3409808270803765,3,21
2022-11-30,033500,동성화인텍,334845585000.0,0.3309456770370112,3,22
2022-11-30,089030,테크윙,240183937350.0,0.33083442766399157,3,23
2022-11-30,036890,진성티이씨,354095721000.0,0.32522223332167327,3,24
2022-11-30,053700,삼보모터스,114537040980.0,0.32416071811978225,3,25
2022-11-30,005070,코스모신소재,1937127779200.0,0.32115344785006217,3,26
2022-11-30,078350,한양디지텍,189792555900.0,0.31763074060323965,3,27
2022-11-30,003070,코오롱글로벌,708413307800.0,0.31687321740272567,3,28
2022-11-30,103140,풍산,851938051200.0,0.3078728182805674,3,29
2022-11-30,095340,ISC,612461379200.0,0.307596916744187,3,30
2022-12-29,101490,에스앤에스텍,565245628450.0,0.7661639889742788,3,1
2022-12-29,003220,대원제약,411837562500.0,0.7339047441380624,3,2
2022-12-29,033160,엠케이전자,244246116800.0,0.6790782247251819,3,3
2022-12-29,035510,신세계 I&C,236500000000.0,0.6439065710185938,3,4
2022-12-29,006110,삼아알미늄,455400000000.0,0.6417569878318452,3,5
2022-12-29,094480,갤럭시아머니트리,162803827700.0,0.5145107162056943,3,6
2022-12-29,082920,비츠로셀,274624188000.0,0.4986565042937544,3,7
2022-12-29,025820,이구산업,104673460000.0,0.46653384316318053,3,8
2022-12-29,033320,제이씨현시스템,98057036160.0,0.450304139090585,3,9
2022-12-29,071970,STX중공업,200937777360.0,0.43959917689314376,3,10
2022-12-29,103590,일진전기,196896870900.0,0.43733487492715467,3,11
2022-12-29,234690,녹십자웰빙,146101231480.0,0.42694621119439347,3,12
2022-12-29,018250,애경산업,551967641500.0,0.39688465100363834,3,13
2022-12-29,103140,풍산,943016954700.0,0.39595794168586906,3,14
2022-12-29,000250,삼천당제약,997240195800.0,0.39595032800997293,3,15
2022-12-29,089030,테크윙,210674557800.0,0.3810611605218575,3,16
2022-12-29,094170,동운아나텍,179120598760.0,0.37810021738049854,3,17
2022-12-29,006620,동구바이오제약,174775050880.0,0.3736184169909872,3,18
2022-12-29,149980,하이로닉,120166250400.0,0.36689697655823844,3,19
2022-12-29,093520,매커스,127688426800.0,0.3666906474565454,3,20
2022-12-29,088800,에이스테크,300555428370.0,0.35753989910177636,3,21
2022-12-29,214370,케어젠,1472865300000.0,0.35642009034365413,3,22
2022-12-29,166480,코아스템켐온,255402821520.0,0.3290641065568519,3,23
2022-12-29,102460,이연제약,389669192050.0,0.3268937581632701,3,24
2022-12-29,041510,에스엠,1825805226700.0,0.32480278246722294,3,25
2022-12-29,228670,레이,325683340200.0,0.31489151116431724,3,26
2022-12-29,078350,한양디지텍,185219241300.0,0.30888584732311836,3,27
2022-12-29,060720,KH바텍,329116443800.0,0.3086608600496749,3,28
2022-12-29,253450,스튜디오드래곤,2585030828000.0,0.306997410704575,3,29
2022-12-29,067080,대화제약,174996510000.0,0.30314673242773227,3,30
2023-01-31,000250,삼천당제약,1095142772100.0,0.9769033850303832,4,1
2023-01-31,277810,레인보우로보틱스,1484317249800.0,0.9541006348360325,4,2
2023-01-31,192820,코스맥스,888666554700.0,0.952537191904406,4,3
2023-01-31,032190,다우데이타,1895850000000.0,0.9458954036443384,4,4
2023-01-31,071970,STX중공업,217285811090.0,0.931930234506995,4,5
2023-01-31,006110,삼아알미늄,398750000000.0,0.9009349895579883,4,6
2023-01-31,041510,에스엠,2095042488000.0,0.8907121992702064,4,7
2023-01-31,086520,에코프로,3101624070000.0,0.8737208000838942,4,8
2023-01-31,094480,갤럭시아머니트리,318153986180.0,0.8649881528664379,4,9
2023-01-31,047050,포스코인터내셔널,4125389378600.0,0.8503165835746481,4,10
2023-01-31,005070,코스모신소재,1811459679600.0,0.8321381081296411,4,11
2023-01-31,171090,선익시스템,185887981050.0,0.823910924316848,4,12
2023-01-31,001570,금양,1532520976800.0,0.8223126061192522,4,13
2023-01-31,042700,한미반도체,1383191481420.0,0.8155799886674331,4,14
2023-01-31,064350,현대로템,3012327286800.0,0.8062529141525699,4,15
2023-01-31,058610,에스피지,439777048800.0,0.7897619931640457,4,16
2023-01-31,036810,에프에스티,496054789200.0,0.7891867194643426,4,17
2023-01-31,117730,티로보틱스,113132451150.0,0.7876508005063777,4,18
2023-01-31,028300,HLB,3540563025600.0,0.7858976583921011,4,19
2023-01-31,010120,LS ELECTRIC,1599000000000.0,0.7831026505031895,4,20
2023-01-31,101490,에스앤에스텍,643543410000.0,0.7830239291746788,4,21
2023-01-31,008730,율촌화학,974640000000.0,0.7713252222775545,4,22
2023-01-31,012450,한화에어로스페이스,4070652000000.0,0.7710096055737597,4,23
2023-01-31,003230,삼양식품,925807543500.0,0.7678030949010832,4,24
2023-01-31,054210,이랜텍,382656007300.0,0.767047278064379,4,25
2023-01-31,376300,디어유,995271428200.0,0.7496064120354787,4,26
2023-01-31,082920,비츠로셀,347211130240.0,0.747173516483372,4,27
2023-01-31,003670,포스코케미칼,17351761280000.0,0.7410783499286859,4,28
2023-01-31,009520,포스코엠텍,358543672830.0,0.7271256427223532,4,29
2023-01-31,216080,제테마,279490033710.0,0.7222840415895714,4,30
2023-02-28,086520,에코프로,7211023387500.0,0.9802732445449371,4,1
2023-02-28,000250,삼천당제약,1177107719700.0,0.9769477131137106,4,2
2023-02-28,005070,코스모신소재,2375433590000.0,0.9635963948925262,4,3
2023-02-28,041510,에스엠,3038207167600.0,0.9556435683868378,4,4
2023-02-28,277810,레인보우로보틱스,1761953537600.0,0.9258015666925935,4,5
2023-02-28,001570,금양,2234926424500.0,0.9205592445735279,4,6
2023-02-28,032190,다우데이타,1859465000000.0,0.9098356122269439,4,7
2023-02-28,071970,STX중공업,190731828920.0,0.8897410980797053,4,8
2023-02-28,006110,삼아알미늄,584798661000.0,0.8879884702397794,4,9
2023-02-28,192820,코스맥스,877317045700.0,0.8703057328954994,4,10
2023-02-28,047050,포스코인터내셔널,3975855008800.0,0.8687742206535114,4,11
2023-02-28,005420,코스모화학,1461593519000.0,0.8347528525482902,4,12
2023-02-28,008730,율촌화학,1200320000000.0,0.8190323858722396,4,13
2023-02-28,348370,엔켐,961388752000.0,0.818773720682376,4,14
2023-02-28,216080,제테마,390110372100.0,0.8101965314058394,4,15
2023-02-28,094480,갤럭시아머니트리,291085397960.0,0.7968606324136959,4,16
2023-02-28,012450,한화에어로스페이스,4556700000000.0,0.7942388275274456,4,17
2023-02-28,028300,HLB,3761848214700.0,0.7907205037358482,4,18
2023-02-28,093520,매커스,173106715320.0,0.7602743370842175,4,19
2023-02-28,161580,필옵틱스,198341745140.0,0.7598373153401106,4,20
2023-02-28,376300,디어유,1130635294200.0,0.7554061249704285,4,21
2023-02-28,003230,삼양식품,898688689500.0,0.7393505120887934,4,22
2023-02-28,101490,에스앤에스텍,674648008150.0,0.7327789887228368,4,23
2023-02-28,121600,나노신소재,1509003120300.0,0.7277871150206822,4,24
2023-02-28,117730,티로보틱스,121919446800.0,0.7166484113508453,4,25
2023-02-28,042700,한미반도체,1553535259920.0,0.7105586480163245,4,26
2023-02-28,028050,삼성엔지니어링,5145000000000.0,0.708879238766554,4,27
2023-02-28,067080,대화제약,169970014500.0,0.702878979809803,4,28
2023-02-28,007660,이수페타시스,578704733850.0,0.6783554166139611,4,29
2023-02-28,003670,포스코케미칼,17119371620000.0,0.6706620850572126,4,30
2023-03-31,005070,코스모신소재,4717151348400.0,0.9758332147110514,4,1
2023-03-31,000250,삼천당제약,1845652842700.0,0.9748428066052988,4,2
2023-03-31,006110,삼아알미늄,1060729143600.0,0.9491330116201724,4,3
2023-03-31,001570,금양,4556927904500.0,0.9471054273071108,4,4
2023-03-31,058610,에스피지,731852880000.0,0.9335948934345888,4,5
2023-03-31,042700,한미반도체,2014923551400.0,0.8846345994378692,4,6
2023-03-31,282880,코윈테크,296898857850.0,0.869608315478926,4,7
2023-03-31,101490,에스앤에스텍,867711031150.0,0.8628546133863616,4,8
2023-03-31,192820,코스맥스,919310229000.0,0.8610986765373354,4,9
2023-03-31,002710,TCC스틸,601342022600.0,0.8590425068985127,4,10
2023-03-31,277810,레인보우로보틱스,2412696636800.0,0.8264330435327961,4,11
2023-03-31,041510,에스엠,2220993373200.0,0.8134562470987838,4,12
2023-03-31,060370,KT서브마린,177676889200.0,0.8047584925096486,4,13
2023-03-31,036810,에프에스티,558061637850.0,0.7980186617925831,4,14
2023-03-31,071970,STX중공업,173029174140.0,0.7971468684897937,4,15
2023-03-31,012450,한화에어로스페이스,5022496000000.0,0.7936256542225855,4,16
2023-03-31,348370,엔켐,1116349439000.0,0.7888496166858656,4,17
2023-03-31,005420,코스모화학,1745160165800.0,0.7877532191488598,4,18
2023-03-31,216080,제테마,355018251870.0,0.7798760745752432,4,19
2023-03-31,003670,포스코케미칼,21108727450000.0,0.7724812475060081,4,20
2023-03-31,032190,다우데이타,1913085000000.0,0.7716984299613093,4,21
2023-03-31,033160,엠케이전자,329296103900.0,0.7710268878684515,4,22
2023-03-31,053700,삼보모터스,109999097070.0,0.7707893012971931,4,23
2023-03-31,161580,필옵틱스,231325405640.0,0.7642117494441099,4,24
2023-03-31,028050,삼성엔지니어링,6213200000000.0,0.7473379367852857,4,25
2023-03-31,003230,삼양식품,897935388000.0,0.7459327489053049,4,26
2023-03-31,068760,셀트리온제약,3126111332500.0,0.7446470516017181,4,27
2023-03-31,001530,DI동일,634093096000.0,0.7366852468272342,4,28
2023-03-31,028300,HLB,4082154397750.0,0.7270030598788505,4,29
2023-03-31,059090,미코,356222853480.0,0.7216715823262911,4,30
2023-04-28,005070,코스모신소재,5348556922000.0,0.976542893385917,4,1
2023-04-28,001570,금양,3877742471600.0,0.9360263940093757,4,2
2023-04-28,000250,삼천당제약,1734622908800.0,0.9339575117652573,4,3
2023-04-28,010120,LS ELECTRIC,1896000000000.0,0.9120159355057202,4,4
2023-04-28,006110,삼아알미늄,1082797017600.0,0.8815275193092336,4,5
2023-04-28,192820,코스맥스,876182094800.0,0.8779542510289855,4,6
2023-04-28,101490,에스앤에스텍,957807108550.0,0.8716310642116659,4,7
2023-04-28,041510,에스엠,2554672587200.0,0.8640407334723801,4,8
2023-04-28,282880,코윈테크,311045258000.0,0.861196903970008,4,9
2023-04-28,047050,포스코인터내셔널,4714730718400.0,0.8459456329947316,4,10
2023-04-28,033160,엠케이전자,298116131810.0,0.842025576607208,4,11
2023-04-28,352820,하이브,11244076290000.0,0.8417089346921698,4,12
2023-04-28,053700,삼보모터스,130700239440.0,0.8251232704647151,4,13
2023-04-28,042700,한미반도체,2000322656100.0,0.8200413947420295,4,14
2023-04-28,348370,엔켐,1106547147800.0,0.8175924966011189,4,15
2023-04-28,025820,이구산업,184599840000.0,0.8063103042483856,4,16
2023-04-28,012450,한화에어로스페이스,5199701000000.0,0.7968781991868663,4,17
2023-04-28,028050,삼성엔지니어링,5703600000000.0,0.7902270640408863,4,18
2023-04-28,071970,STX중공업,153898885910.0,0.7772229364863874,4,19
2023-04-28,067570,엔브이에이치코리아,126375141200.0,0.777158798051743,4,20
2023-04-28,003670,포스코퓨처엠,25950178700000.0,0.776582230189079,4,21
2023-04-28,003160,디아이,191025000000.0,0.7741857035361085,4,22
2023-04-28,121600,나노신소재,1616401617000.0,0.7700293528617018,4,23
2023-04-28,058610,에스피지,594353248000.0,0.7644409925098216,4,24
2023-04-28,005420,코스모화학,2037478869600.0,0.7613564078346143,4,25
2023-04-28,002710,TCC스틸,1018002988800.0,0.751558047624614,4,26
2023-04-28,064350,현대로템,3590781439700.0,0.7509496365243832,4,27
2023-04-28,003230,삼양식품,876842946000.0,0.750765821090964,4,28
2023-04-28,122870,와이지엔터테인먼트,1138588729000.0,0.7488456000917584,4,29
2023-04-28,011810,STX,265607093120.0,0.746535080174693,4,30
2023-05-31,087010,펩트론,158207962510.0,0.854752567376271,4,1
2023-05-31,058610,에스피지,747377032000.0,0.8016424785265376,4,2
2023-05-31,033240,자화전자,747541377600.0,0.788455974843066,4,3
2023-05-31,068760,셀트리온제약,3374701113600.0,0.7722045420005774,4,4
2023-05-31,348370,엔켐,1169502945600.0,0.7657441626705637,4,5
2023-05-31,005070,코스모신소재,5477290097200.0,0.7602533539923927,4,6
2023-05-31,007340,DN오토모티브,802518601500.0,0.7552536959414963,4,7
2023-05-31,009420,한올바이오파마,1151906067900.0,0.7457263532758395,4,8
2023-05-31,095340,ISC,887373021000.0,0.7351567907229505,4,9
2023-05-31,064350,현대로템,3377953968350.0,0.7319556139523704,4,10
2023-05-31,101490,에스앤에스텍,1188410163800.0,0.7314658412206214,4,11
2023-05-31,067080,대화제약,179464506000.0,0.7213581503493717,4,12
2023-05-31,008730,율촌화학,882880000000.0,0.7132933317463831,4,13
2023-05-31,000250,삼천당제약,1430141228000.0,0.7029874516395264,4,14
2023-05-31,161580,필옵틱스,231357439270.0,0.682092088727693,4,15
2023-05-31,192820,코스맥스,902285965500.0,0.6767339270569795,4,16
2023-05-31,010120,LS ELECTRIC,1911000000000.0,0.6564779531132412,4,17
2023-05-31,036810,에프에스티,529777812150.0,0.6461339112275956,4,18
2023-05-31,033160,엠케이전자,307383990830.0,0.6447453991843082,4,19
2023-05-31,121600,나노신소재,1452591788700.0,0.6308644732257507,4,20
2023-05-31,053700,삼보모터스,133084812630.0,0.6269535080335896,4,21
2023-05-31,119850,지엔씨에너지,91291444950.0,0.6237685094037704,4,22
2023-05-31,094480,갤럭시아머니트리,229494552300.0,0.6216736992070974,4,23
2023-05-31,003160,디아이,200081000000.0,0.6205976563613911,4,24
2023-05-31,248070,솔루엠,1265140440300.0,0.6188560406862783,4,25
2023-05-31,094170,동운아나텍,151475433480.0,0.6129064187186124,4,26
2023-05-31,092460,한라IMS,111342391440.0,0.6075851240556357,4,27
2023-05-31,060370,KT서브마린,183902064880.0,0.6040440707995223,4,28
2023-05-31,092040,아미코젠,382253599800.0,0.602036166734411,4,29
2023-05-31,068240,다원시스,538278595270.0,0.5831405520725402,4,30
2023-06-30,007340,DN오토모티브,911453256000.0,0.8902186147414708,4,1
2023-06-30,053700,삼보모터스,161056661590.0,0.8198992096882317,4,2
2023-06-30,094480,갤럭시아머니트리,224786971740.0,0.7746080993509924,4,3
2023-06-30,064350,현대로템,3989150809150.0,0.7382808703521272,4,4
2023-06-30,039840,디오,539185582250.0,0.7353877830353676,4,5
2023-06-30,060280,큐렉소,755228455600.0,0.7244175564871057,4,6
2023-06-30,161580,필옵틱스,273402416340.0,0.7185014339842672,4,7
2023-06-30,067080,대화제약,168108349500.0,0.7060053518078915,4,8
2023-06-30,248070,솔루엠,1467662921850.0,0.700549918438043,4,9
2023-06-30,090850,현대이지웰,179997416380.0,0.6964970322316159,4,10
2023-06-30,033240,자화전자,723005696000.0,0.6879196288192272,4,11
2023-06-30,094170,동운아나텍,403207988400.0,0.6865734839783528,4,12
2023-06-30,010120,LS ELECTRIC,2379000000000.0,0.6859438934777328,4,13
2023-06-30,087010,펩트론,282175349040.0,0.684253770654252,4,14
2023-06-30,092200,디아이씨,240331356420.0,0.6713557681247125,4,15
2023-06-30,300120,라온피플,148124565440.0,0.6662447028006984,4,16
2023-06-30,060370,KT서브마린,205690179760.0,0.6651024954401572,4,17
2023-06-30,095340,ISC,960450799200.0,0.6644873547312125,4,18
2023-06-30,103590,일진전기,362275410300.0,0.6604467553425812,4,19
2023-06-30,099190,아이센스,679701343100.0,0.6594533235120046,4,20
2023-06-30,121600,나노신소재,1438624443900.0,0.6559269477729305,4,21
2023-06-30,092460,한라IMS,120855823620.0,0.650337094881325,4,22
2023-06-30,026890,스틱인베스트먼트,277576645500.0,0.6436255893791974,4,23
2023-06-30,092040,아미코젠,373363981200.0,0.6143197678627949,4,24
2023-06-30,075580,세진중공업,370089958560.0,0.6138925598447913,4,25
2023-06-30,059090,미코,344192813400.0,0.6072307062350067,4,26
2023-06-30,220100,퓨쳐켐,182563800300.0,0.6057196344610329,4,27
2023-06-30,192820,코스맥스,1055504337000.0,0.6011942829876482,4,28
2023-06-30,290650,엘앤씨바이오,783762984050.0,0.600014015849341,4,29
2023-06-30,042000,카페24,313835912100.0,0.5987529033351031,4,30
2023-07-31,007340,DN오토모티브,922446661500.0,0.9152250101750896,4,1
2023-07-31,010120,LS ELECTRIC,3171000000000.0,0.9040398992522877,4,2
2023-07-31,001060,JW중외제약,970489030000.0,0.9001341832068883,4,3
2023-07-31,121600,나노신소재,1924688011200.0,0.8256622282741409,4,4
2023-07-31,079370,제우스,576916200000.0,0.8151437245079238,4,5
2023-07-31,077500,유니퀘스트,439883037780.0,0.80845893934922,4,6
2023-07-31,161890,한국콜마,1106305053000.0,0.8016904951116293,4,7
2023-07-31,059090,미코,404343013800.0,0.7637699036183702,4,8
2023-07-31,192820,코스맥스,1164459623400.0,0.739138410689964,4,9
2023-07-31,094480,갤럭시아머니트리,200856770560.0,0.731206062156508,4,10
2023-07-31,001120,LX인터내셔널,1490322000000.0,0.7068470374336188,4,11
2023-07-31,220100,퓨쳐켐,218811334500.0,0.7059541025592921,4,12
2023-07-31,090850,현대이지웰,158625691480.0,0.7052764950614249,4,13
2023-07-31,033160,엠케이전자,338718180850.0,0.7005364624291401,4,14
2023-07-31,036810,에프에스티,602663055300.0,0.6986413025359505,4,15
2023-07-31,348370,엔켐,1141969293000.0,0.698163673899244,4,16
2023-07-31,068760,셀트리온제약,3513333201600.0,0.693934300462136,4,17
2023-07-31,095340,ISC,1790405565900.0,0.6933673105135202,4,18
2023-07-31,108670,LX하우시스,498602452000.0,0.6927746626327267,4,19
2023-07-31,008730,율촌화학,894040000000.0,0.6866329826169275,4,20
2023-07-31,082740,HSD엔진,852088968540.0,0.6856149077054707,4,21
2023-07-31,053700,삼보모터스,145095210480.0,0.6848290365831068,4,22
2023-07-31,033500,동성화인텍,442644931440.0,0.6803602955288122,4,23
2023-07-31,009420,한올바이오파마,1251163280100.0,0.6669574645090338,4,24
2023-07-31,067080,대화제약,146140702500.0,0.6472084693950401,4,25
2023-07-31,396270,넥스트칩,246882892800.0,0.6423526987217395,4,26
2023-07-31,064350,현대로템,3421610885550.0,0.6408131933674226,4,27
2023-07-31,039200,오스코텍,1310508772650.0,0.6361109345528048,4,28
2023-07-31,290650,엘앤씨바이오,859757368900.0,0.6278352564607627,4,29
2023-07-31,092040,아미코젠,354992102760.0,0.6190331383297077,4,30
2023-08-31,010120,LS ELECTRIC,2994000000000.0,0.9097780197520414,4,1
2023-08-31,007340,DN오토모티브,887467644000.0,0.8845187646570585,4,2
2023-08-31,161890,한국콜마,1322532204000.0,0.8496402873333181,4,3
2023-08-31,000250,삼천당제약,2027571192600.0,0.8483123041520579,4,4
2023-08-31,001060,JW중외제약,1051553407800.0,0.8327263008211987,4,5
2023-08-31,192820,코스맥스,1742149631500.0,0.8006289173230619,4,6
2023-08-31,121600,나노신소재,1856320381200.0,0.7584865741615636,4,7
2023-08-31,220100,퓨쳐켐,280918390050.0,0.7422896086033564,4,8
2023-08-31,094480,갤럭시아머니트리,212233423580.0,0.731632180425531,4,9
2023-08-31,092040,아미코젠,360325873920.0,0.7179234974270764,4,10
2023-08-31,059090,미코,370592068020.0,0.7153014897682995,4,11
2023-08-31,033160,엠케이전자,333201598100.0,0.7060401405898786,4,12
2023-08-31,077500,유니퀘스트,428107465680.0,0.6874119349826046,4,13
2023-08-31,090850,현대이지웰,158863155090.0,0.6781005825935021,4,14
2023-08-31,003220,대원제약,377792324000.0,0.6719481529662277,4,15
2023-08-31,180400,DXVX,215162355840.0,0.6663274266567194,4,16
2023-08-31,095340,ISC,1738207152900.0,0.6632736120426835,4,17
2023-08-31,048530,인트론바이오,363364107680.0,0.6506328098773764,4,18
2023-08-31,042000,카페24,305062004880.0,0.6480614779377369,4,19
2023-08-31,009420,한올바이오파마,1240715152500.0,0.6451646357166229,4,20
2023-08-31,003230,삼양식품,1464418116000.0,0.6394133586888953,4,21
2023-08-31,326030,SK바이오팜,6711445525000.0,0.6393469556806171,4,22
2023-08-31,008730,율촌화학,796080000000.0,0.6305978256321985,4,23
2023-08-31,248070,솔루엠,1522669027950.0,0.6291852868453573,4,24
2023-08-31,099190,아이센스,914982577250.0,0.6287067762096367,4,25
2023-08-31,299030,하나기술,1020503518000.0,0.6120037230286858,4,26
2023-08-31,051360,토비스,316719619260.0,0.602917918446755,4,27
2023-08-31,082740,HSD엔진,771959695260.0,0.6016886441157249,4,28
2023-08-31,033500,동성화인텍,410556172860.0,0.600939005548989,4,29
2023-08-31,026890,스틱인베스트먼트,318004475250.0,0.5900663012426699,4,30
2023-09-27,067080,대화제약,272361589500.0,0.9013222521390304,4,1
2023-09-27,010120,LS ELECTRIC,2802000000000.0,0.8446884962259271,4,2
2023-09-27,009420,한올바이오파마,1705656830700.0,0.8164588942159526,4,3
2023-09-27,161890,한국콜마,1169228298000.0,0.7940565803112769,4,4
2023-09-27,007340,DN오토모티브,799520400000.0,0.7720144853506995,4,5
2023-09-27,092040,아미코젠,264515540120.0,0.7668739513447116,4,6
2023-09-27,058610,에스피지,904836288000.0,0.7585453304737488,4,7
2023-09-27,192820,코스맥스,1460681808300.0,0.7468032050631765,4,8
2023-09-27,220100,퓨쳐켐,283128605550.0,0.7436929298099816,4,9
2023-09-27,001060,JW중외제약,874581878800.0,0.7311590824469346,4,10
2023-09-27,077500,유니퀘스트,481490059200.0,0.7039443156993542,4,11
2023-09-27,025900,동화기업,1138126738500.0,0.6937172990443354,4,12
2023-09-27,094480,갤럭시아머니트리,192226206200.0,0.6697291113265833,4,13
2023-09-27,068240,다원시스,572542032270.0,0.6645357336457363,4,14
2023-09-27,180400,DXVX,187360478400.0,0.6618317957423696,4,15
2023-09-27,000250,삼천당제약,1796239027200.0,0.642961251080233,4,16
2023-09-27,059090,미코,342856142280.0,0.619845796558928,4,17
2023-09-27,396270,넥스트칩,279339480000.0,0.5911985453034139,4,18
2023-09-27,067160,아프리카TV,966709904700.0,0.5867210893405626,4,19
2023-09-27,000100,유한양행,5809210200600.0,0.581335108305135,4,20
2023-09-27,326030,SK바이오팜,6750602150000.0,0.5770143755079152,4,21
2023-09-27,161580,필옵틱스,243630585780.0,0.5705360541869962,4,22
2023-09-27,090850,현대이지웰,145802656540.0,0.5574784329735964,4,23
2023-09-27,000490,대동,480699259000.0,0.5441820345358832,4,24
2023-09-27,052020,에스티큐브,557193152040.0,0.5332306418447881,4,25
2023-09-27,032190,다우데이타,489857000000.0,0.5252398312121027,4,26
2023-09-27,003230,삼양식품,1521669030000.0,0.522298815228047,4,27
2023-09-27,121600,나노신소재,1629423652000.0,0.5179844412490102,4,28
2023-09-27,052690,한전기술,2457546000000.0,0.5108565659156008,4,29
2023-09-27,248070,솔루엠,1540170970800.0,0.5093605986101745,4,30
2023-10-31,009420,한올바이오파마,1528038661500.0,0.8804473863783647,4,1
2023-10-31,161890,한국콜마,1226431248000.0,0.8140346212617815,4,2
2023-10-31,025900,동화기업,1243246792500.0,0.797391676647359,4,3
2023-10-31,092040,아미코젠,249699509120.0,0.7854278325496974,4,4
2023-10-31,067080,대화제약,182070837000.0,0.7664605822333157,4,5
2023-10-31,094480,갤럭시아머니트리,168296005020.0,0.763801884350316,4,6
2023-10-31,007340,DN오토모티브,790525795500.0,0.7338799701693072,4,7
2023-10-31,192820,코스맥스,1538993420400.0,0.7331226328680717,4,8
2023-10-31,053050,지에스이,143940465600.0,0.7280981590905727,4,9
2023-10-31,048410,현대바이오,1488838199200.0,0.6360761026845937,4,10
2023-10-31,053700,삼보모터스,118031997240.0,0.6197714208843006,4,11
2023-10-31,064350,현대로템,2537558312250.0,0.6002695600183958,4,12
2023-10-31,180400,DXVX,154119103200.0,0.5930373778904814,4,13
2023-10-31,220100,퓨쳐켐,185658102000.0,0.5863610310804152,4,14
2023-10-31,121600,나노신소재,1450673445400.0,0.5653131462674529,4,15
2023-10-31,161580,필옵틱스,207295622700.0,0.5608539467901669,4,16
2023-10-31,033160,엠케이전자,237875048180.0,0.555181055440689,4,17
2023-10-31,348370,엔켐,841067025700.0,0.536486497491419,4,18
2023-10-31,103140,풍산,1007472794100.0,0.5353054141319008,4,19
2023-10-31,036810,에프에스티,377045153370.0,0.5152428488772833,4,20
2023-10-31,052020,에스티큐브,462785010000.0,0.5037897701822124,4,21
2023-10-31,185750,종근당,1192747233600.0,0.503722909073713,4,22
2023-10-31,068240,다원시스,482771827330.0,0.49767566281178544,4,23
2023-10-31,052690,한전기술,1998906000000.0,0.49293817021937286,4,24
2023-10-31,005180,빙그레,538862882700.0,0.4899865816540234,4,25
2023-10-31,103590,일진전기,463504875000.0,0.48127758962722667,4,26
2023-10-31,032190,다우데이타,437769000000.0,0.4809401443640106,4,27
2023-10-31,033240,자화전자,464308383000.0,0.47135050591080135,4,28
2023-10-31,373200,하인크코리아,119240100000.0,0.4650791634044906,4,29
2023-10-31,039130,하나투어,704922180750.0,0.45358454191006026,4,30
2023-11-30,112040,위메이드,1811517163200.0,0.802458237130413,4,1
2023-11-30,012450,한화에어로스페이스,6374317000000.0,0.7625194716730662,4,2
2023-11-30,025540,한국단자,793623000000.0,0.7544766065397712,4,3
2023-11-30,185750,종근당,1555975843200.0,0.7501379042837468,4,4
2023-11-30,000490,대동,367814875110.0,0.7430920954892848,4,5
2023-11-30,025900,동화기업,1390819176000.0,0.7237474820334346,4,6
2023-11-30,009420,한올바이오파마,1784017787700.0,0.7232037545446082,4,7
2023-11-30,101490,에스앤에스텍,1085443218200.0,0.7093287317408152,4,8
2023-11-30,036810,에프에스티,518899417650.0,0.6903196763235291,4,9
2023-11-30,010120,LS ELECTRIC,2271000000000.0,0.6735599995121481,4,10
2023-11-30,094480,갤럭시아머니트리,305600438020.0,0.6731138339381509,4,11
2023-11-30,178320,서진시스템,715535423680.0,0.6721530050274384,4,12
2023-11-30,300120,라온피플,158562051320.0,0.6580614595297536,4,13
2023-11-30,067080,대화제약,161964855000.0,0.6365890237069161,4,14
2023-11-30,003220,대원제약,348579312900.0,0.6181963174801842,4,15
2023-11-30,092040,아미코젠,247724038320.0,0.6171780190215383,4,16
2023-11-30,085660,차바이오텍,935946042660.0,0.6081821716581869,4,17
2023-11-30,104460,디와이피엔에프,244270650000.0,0.6011844408588113,4,18
2023-11-30,161890,한국콜마,1085711991000.0,0.5961025169704457,4,19
2023-11-30,058610,에스피지,773989864000.0,0.5956563188111997,4,20
2023-11-30,180400,DXVX,171646373760.0,0.5940444509213145,4,21
2023-11-30,008730,율촌화학,863040000000.0,0.5749232379495551,4,22
2023-11-30,000120,CJ대한통운,2580076106400.0,0.5711885036358242,4,23
2023-11-30,089030,테크윙,357100846200.0,0.5626024925908435,4,24
2023-11-30,017370,우신시스템,165742188700.0,0.5546607428904279,4,25
2023-11-30,090850,현대이지웰,142478166000.0,0.5536835829405813,4,26
2023-11-30,103590,일진전기,508001343000.0,0.5474589988839511,4,27
2023-11-30,001680,대상,684644974000.0,0.5436122770698625,4,28
2023-11-30,079550,LIG넥스원,2145000000000.0,0.5311194114074511,4,29
2023-11-30,378850,화승알앤에이,77683918070.0,0.5221183551934306,4,30
2023-12-28,079550,LIG넥스원,2871000000000.0,0.8652348242218992,4,1
2023-12-28,036810,에프에스티,536304848850.0,0.8294996989838909,4,2
2023-12-28,094480,갤럭시아머니트리,449181645100.0,0.8241420125505345,4,3
2023-12-28,112040,위메이드,2058234985800.0,0.8193503154945226,4,4
2023-12-28,085660,차바이오텍,1103199938370.0,0.797046395084621,4,5
2023-12-28,124500,아이티센,168026790240.0,0.7854297674852957,4,6
2023-12-28,012450,한화에어로스페이스,6303435000000.0,0.7683781895062062,4,7
2023-12-28,289220,자이언트스텝,273645985650.0,0.7667955391853383,4,8
2023-12-28,025540,한국단자,781125000000.0,0.7633394400443708,4,9
2023-12-28,017370,우신시스템,161896237360.0,0.7592065758762077,4,10
2023-12-28,009420,한올바이오파마,2314260263400.0,0.735070170871309,4,11
2023-12-28,300120,라온피플,130641795240.0,0.7311839981577786,4,12
2023-12-28,001680,대상,718946518750.0,0.7084790762841906,4,13
2023-12-28,002710,TCC스틸,1541365383600.0,0.702398535586408,4,14
2023-12-28,161890,한국콜마,1226431248000.0,0.6909510339695127,4,15
2023-12-28,178320,서진시스템,681712845880.0,0.6904993568875739,4,16
2023-12-28,144510,지씨셀,718915652000.0,0.6821771192533539,4,17
2023-12-28,180400,DXVX,178596843120.0,0.6735911275460028,4,18
2023-12-28,033240,자화전자,627011121000.0,0.6727521180606343,4,19
2023-12-28,071970,STX중공업,334066227300.0,0.6711434893463234,4,20
2023-12-28,068760,셀트리온제약,3652064404600.0,0.6566829888053616,4,21
2023-12-28,025900,동화기업,1235160634500.0,0.6546895529281148,4,22
2023-12-28,185750,종근당,1645211937600.0,0.6526243240842332,4,23
2023-12-28,000490,대동,432181847760.0,0.6466111091954057,4,24
2023-12-28,378850,화승알앤에이,78728567335.0,0.6461476302316156,4,25
2023-12-28,104460,디와이피엔에프,245877693750.0,0.6407377978117011,4,26
2023-12-28,067080,대화제약,174624177000.0,0.6222461150263987,4,27
2023-12-28,048530,인트론바이오,299843690360.0,0.6134416658637608,4,28
2023-12-28,094360,칩스앤미디어,614088065500.0,0.6112971719427943,4,29
2023-12-28,000120,CJ대한통운,2901730156800.0,0.6103935273924584,4,30
2024-01-31,089030,테크윙,595043564850.0,0.9532547424134574,5,1
2024-01-31,065350,신성델타테크,2025566967600.0,0.9414262756536801,5,2
2024-01-31,079550,LIG넥스원,2312200000000.0,0.9407356965284556,5,3
2024-01-31,267260,HD현대일렉트릭,3702040764500.0,0.9388611508039068,5,4
2024-01-31,009540,HD한국조선해양,8032748666000.0,0.9091224847022077,5,5
2024-01-31,294870,HDC현대산업개발,1182377500200.0,0.8914177514972894,5,6
2024-01-31,402340,SK스퀘어,7213115768400.0,0.8890404868766745,5,7
2024-01-31,003570,SNT다이내믹스,486486957110.0,0.8709404197679729,5,8
2024-01-31,000660,SK하이닉스,98061918565500.0,0.8704845195976804,5,9
2024-01-31,298040,효성중공업,1601957346400.0,0.8697560956370505,5,10
2024-01-31,174900,앱클론,213542656250.0,0.8696432710678794,5,11
2024-01-31,012450,한화에어로스페이스,6992003000000.0,0.8557555612926102,5,12
2024-01-31,080220,제주반도체,892069374700.0,0.8434368860010344,5,13
2024-01-31,142210,유니트론텍,141266315280.0,0.8409632812975194,5,14
2024-01-31,329180,HD현대중공업,10129012535600.0,0.8348214148041674,5,15
2024-01-31,067630,HLB생명과학,1610171348200.0,0.8287754835909278,5,16
2024-01-31,008930,한미사이언스,2742312048000.0,0.8254222025681068,5,17
2024-01-31,026890,스틱인베스트먼트,267990665250.0,0.8241644048172945,5,18
2024-01-31,229640,LS에코에너지,614028823950.0,0.8239180530947736,5,19
2024-01-31,272210,한화시스템,2918804560050.0,0.8229958371865046,5,20
2024-01-31,039490,키움증권,2536122470200.0,0.8213033469428139,5,21
2024-01-31,083650,비에이치아이,238271687500.0,0.8169528587719552,5,22
2024-01-31,124500,아이티센,243763045100.0,0.8125433750210135,5,23
2024-01-31,094480,갤럭시아머니트리,369152775580.0,0.8094163653701241,5,24
2024-01-31,298380,에이비엘바이오,1053635858000.0,0.8051859049448538,5,25
2024-01-31,010120,LS ELECTRIC,2112000000000.0,0.8033027751824334,5,26
2024-01-31,003850,보령,833209700000.0,0.8032696028330688,5,27
2024-01-31,388720,유일로보틱스,216295873200.0,0.8031534221521284,5,28
2024-01-31,375500,DL이앤씨,1613524079100.0,0.8025082099435628,5,29
2024-01-31,047810,한국항공우주,4922492903500.0,0.8014345707967675,5,30
2024-02-29,079550,LIG넥스원,3150400000000.0,0.9724950980987163,5,1
2024-02-29,039490,키움증권,3296696944200.0,0.9418198245158212,5,2
2024-02-29,267260,HD현대일렉트릭,4484263594000.0,0.9392284367252967,5,3
2024-02-29,402340,SK스퀘어,9714774416400.0,0.9337371681371126,5,4
2024-02-29,103140,풍산,1209247595700.0,0.9225714682756619,5,5
2024-02-29,000660,SK하이닉스,113713969413000.0,0.9116217801920449,5,6
2024-02-29,000880,한화,2203786809000.0,0.8986090634629025,5,7
2024-02-29,294870,HDC현대산업개발,1309578647100.0,0.8977382471771507,5,8
2024-02-29,232140,와이아이케이,548062938000.0,0.8893358194022187,5,9
2024-02-29,298040,효성중공업,1794043035200.0,0.8862776126774784,5,10
2024-02-29,026890,스틱인베스트먼트,290496879750.0,0.8804002592269052,5,11
2024-02-29,031980,피에스케이홀딩스,878667596250.0,0.8803858915928455,5,12
2024-02-29,003160,디아이,246776000000.0,0.871856281047843,5,13
2024-02-29,089030,테크윙,767617404750.0,0.8703383248392368,5,14
2024-02-29,003570,SNT다이내믹스,620827852990.0,0.8594561210665567,5,15
2024-02-29,064350,현대로템,3650809700850.0,0.8577736974917758,5,16
2024-02-29,174900,앱클론,270228525000.0,0.856270110828568,5,17
2024-02-29,042700,한미반도체,8254372809600.0,0.8527370353214423,5,18
2024-02-29,083650,비에이치아이,257147756250.0,0.8516389760401293,5,19
2024-02-29,005070,코스모신소재,5757654887600.0,0.8431374230943213,5,20
2024-02-29,009540,HD한국조선해양,7919511680400.0,0.8391746973865727,5,21
2024-02-29,065350,신성델타테크,3380525604000.0,0.8321565462908975,5,22
2024-02-29,329180,HD현대중공업,10466350376400.0,0.8260742145352087,5,23
2024-02-29,272210,한화시스템,3149286214630.0,0.8249959928954806,5,24
2024-02-29,080220,제주반도체,933400774300.0,0.8238426466984898,5,25
2024-02-29,148150,세경하이테크,301559750790.0,0.8228022542075516,5,26
2024-02-29,114810,한솔아이원스,348116783640.0,0.8189127862832185,5,27
2024-02-29,166480,코아스템켐온,289588012560.0,0.8188300743482896,5,28
2024-02-29,008930,한미사이언스,2882225928000.0,0.8076350895827582,5,29
2024-02-29,013990,아가방컴퍼니,212124607200.0,0.7987373088544206,5,30
2024-03-29,009540,HD한국조선해양,8379536934400.0,0.9359444943195931,5,1
2024-03-29,010120,LS ELECTRIC,2934000000000.0,0.9313037360890697,5,2
2024-03-29,294870,HDC현대산업개발,1148764761900.0,0.9299658257106976,5,3
2024-03-29,079550,LIG넥스원,3924800000000.0,0.9280176783502366,5,4
2024-03-29,272210,한화시스템,3243745909130.0,0.9226835482379921,5,5
2024-03-29,007660,이수페타시스,2675323523700.0,0.9225920231595682,5,6
2024-03-29,178320,서진시스템,958306371000.0,0.9204673828801311,5,7
2024-03-29,298040,효성중공업,2648171632000.0,0.9184968475900214,5,8
2024-03-29,174900,앱클론,313685431100.0,0.9092430861704862,5,9
2024-03-29,103140,풍산,1415226039000.0,0.9033766611582545,5,10
2024-03-29,003160,디아이,360825000000.0,0.8995012354920627,5,11
2024-03-29,064350,현대로템,4016436382400.0,0.8898753443105742,5,12
2024-03-29,232140,와이아이케이,602212869000.0,0.8849551259745385,5,13
2024-03-29,089030,테크윙,1292436117000.0,0.8835131105153101,5,14
2024-03-29,000520,삼일제약,218275501510.0,0.880039873598564,5,15
2024-03-29,010140,삼성중공업,7532800000000.0,0.878041895418161,5,16
2024-03-29,000500,가온전선,213012536700.0,0.8765497527567577,5,17
2024-03-29,267260,HD현대일렉트릭,6466856019000.0,0.8717927708601957,5,18
2024-03-29,317330,덕산테코피아,746737256600.0,0.8707519385757321,5,19
2024-03-29,402340,SK스퀘어,10979501844000.0,0.8703087727650802,5,20
2024-03-29,080220,제주반도체,1016063573500.0,0.8681755940034074,5,21
2024-03-29,000880,한화,2027633781750.0,0.8671336847544068,5,22
2024-03-29,031980,피에스케이홀딩스,991870170000.0,0.8446809916027351,5,23
2024-03-29,039490,키움증권,3191790120200.0,0.840217079853705,5,24
2024-03-29,003570,SNT다이내믹스,579261981740.0,0.8344253372389423,5,25
2024-03-29,075580,세진중공업,363836518400.0,0.8239145405162072,5,26
2024-03-29,065350,신성델타테크,2982008358000.0,0.8201559559854653,5,27
2024-03-29,192820,코스맥스,1363076030900.0,0.8129937427287738,5,28
2024-03-29,112040,위메이드,2040658155200.0,0.809224207957385,5,29
2024-03-29,000150,두산,2569456342500.0,0.8088304486825865,5,30
2024-04-30,010120,LS ELECTRIC,5298000000000.0,0.9371856144635997,5,1
2024-04-30,003160,디아이,566000000000.0,0.9313158794474157,5,2
2024-04-30,103140,풍산,1821578070000.0,0.931014213393317,5,3
2024-04-30,079550,LIG넥스원,3537600000000.0,0.9309084957130299,5,4
2024-04-30,232140,와이씨,1135507644000.0,0.9282791179298912,5,5
2024-04-30,229640,LS에코에너지,927933833700.0,0.917850483803982,5,6
2024-04-30,174900,앱클론,271149029710.0,0.8806694691037646,5,7
2024-04-30,272210,한화시스템,3717933575520.0,0.8764702405490479,5,8
2024-04-30,036200,유니셈,338226379690.0,0.8761657783567023,5,9
2024-04-30,036810,에프에스티,723413234250.0,0.875382052657604,5,10
2024-04-30,064350,현대로템,4071007528900.0,0.8704638109882802,5,11
2024-04-30,192820,코스맥스,1590066210900.0,0.8683844450799167,5,12
2024-04-30,039490,키움증권,3472415874400.0,0.8656571317527595,5,13
2024-04-30,329180,HD현대중공업,12224058073200.0,0.8626929234895631,5,14
2024-04-30,178320,서진시스템,928241857400.0,0.8535030012338161,5,15
2024-04-30,298040,효성중공업,2918583524000.0,0.8490130627684817,5,16
2024-04-30,010140,삼성중공업,8316000000000.0,0.8398589607677693,5,17
2024-04-30,317330,덕산테코피아,794943696100.0,0.8397864041931804,5,18
2024-04-30,007660,이수페타시스,2533019080950.0,0.8383538453158622,5,19
2024-04-30,000880,한화,2050121402250.0,0.8305765789967051,5,20
2024-04-30,103590,일진전기,1051462849500.0,0.8266656870543552,5,21
2024-04-30,009540,HD한국조선해양,9306664754000.0,0.8258104041965452,5,22
2024-04-30,267260,HD현대일렉트릭,8903642345000.0,0.8218329669661872,5,23
2024-04-30,000500,가온전선,362378840500.0,0.8082687300264243,5,24
2024-04-30,026890,스틱인베스트먼트,362183340750.0,0.8059336776970524,5,25
2024-04-30,042660,한화오션,9818802712950.0,0.8028391900366684,5,26
2024-04-30,402340,SK스퀘어,10308371940000.0,0.7984059663369032,5,27
2024-04-30,220100,퓨쳐켐,291306402900.0,0.78798587963325,5,28
2024-04-30,012510,더존비즈온,1819928761600.0,0.7820929561519712,5,29
2024-04-30,035150,백산,309581250000.0,0.7813923715790662,5,30
2024-05-31,178320,서진시스템,1815898989800.0,0.9749562403531016,5,1
2024-05-31,089030,테크윙,1617412828500.0,0.9244948863426782,5,2
2024-05-31,079550,LIG넥스원,3524400000000.0,0.9213502974450843,5,3
2024-05-31,103590,일진전기,1304195416500.0,0.9068801101923225,5,4
2024-05-31,103140,풍산,1734702808200.0,0.9011838171777696,5,5
2024-05-31,229640,LS에코에너지,1212745208400.0,0.8915847667033642,5,6
2024-05-31,060370,LS마린솔루션,412936653440.0,0.8834558218950387,5,7
2024-05-31,042660,한화오션,9098859300300.0,0.8785480794812426,5,8
2024-05-31,036810,에프에스티,756048417750.0,0.8726115882187094,5,9
2024-05-31,010120,LS ELECTRIC,6405000000000.0,0.8724230882479772,5,10
2024-05-31,075580,세진중공업,397377697440.0,0.8691740149560588,5,11
2024-05-31,026890,스틱인베스트먼트,444706127250.0,0.8674968379143906,5,12
2024-05-31,272210,한화시스템,3296643338050.0,0.8601591106316667,5,13
2024-05-31,083650,비에이치아이,349361993750.0,0.8589911161115147,5,14
2024-05-31,006620,동구바이오제약,191284746240.0,0.8534438837638926,5,15
2024-05-31,220100,퓨쳐켐,357612867900.0,0.8502719576326392,5,16
2024-05-31,339770,교촌에프앤비,267563003400.0,0.8360071036779285,5,17
2024-05-31,064350,현대로템,3923665433350.0,0.8260618103733673,5,18
2024-05-31,217330,싸이토젠,219970630620.0,0.8246362704647761,5,19
2024-05-31,222800,심텍,1071891911950.0,0.8244336226302797,5,20
2024-05-31,007390,네이처셀,769244300440.0,0.8181090189254582,5,21
2024-05-31,082740,한화엔진,1044758217840.0,0.8174465081541711,5,22
2024-05-31,000500,가온전선,393650111000.0,0.8158007887681564,5,23
2024-05-31,214420,토니모리,257145801310.0,0.8050059375883739,5,24
2024-05-31,039490,키움증권,3415473262800.0,0.8023129850173786,5,25
2024-05-31,000880,한화,2027633781750.0,0.8019109097482106,5,26
2024-05-31,178920,PI첨단소재,822257016000.0,0.7930064598151562,5,27
2024-05-31,317330,덕산테코피아,714558190800.0,0.7927864036551743,5,28
2024-05-31,059090,미코,552045172560.0,0.7917124779993429,5,29
2024-05-31,000150,두산,3403910010000.0,0.7909437665916625,5,30
2024-06-28,178320,서진시스템,1710064386100.0,0.9376938465625152,5,1
2024-06-28,079550,LIG넥스원,4840000000000.0,0.9199860445394111,5,2
2024-06-28,089030,테크윙,2383162551000.0,0.9110122505985835,5,3
2024-06-28,036810,에프에스티,836548537050.0,0.9074854842719858,5,4
2024-06-28,060370,LS마린솔루션,527056499160.0,0.899987743724025,5,5
2024-06-28,010120,LS ELECTRIC,6615000000000.0,0.8987246575485088,5,6
2024-06-28,075580,세진중공업,570768538240.0,0.8963579322107513,5,7
2024-06-28,082740,한화엔진,1304278829460.0,0.8934422630418123,5,8
2024-06-28,103140,풍산,1773936797400.0,0.881987414143417,5,9
2024-06-28,272210,한화시스템,3563019676540.0,0.8764176204296023,5,10
2024-06-28,064350,현대로템,4453005554400.0,0.8739642818941499,5,11
2024-06-28,329180,HD현대중공업,13821974161200.0,0.8636225547569035,5,12
2024-06-28,103590,일진전기,1249357218000.0,0.8617742978391412,5,13
2024-06-28,217330,싸이토젠,185214822520.0,0.8528577282951461,5,14
2024-06-28,317330,덕산테코피아,1079821176600.0,0.8411170322420597,5,15
2024-06-28,042000,카페24,979823381600.0,0.8286793054773408,5,16
2024-06-28,267260,HD현대일렉트릭,11174611850000.0,0.8246440156655817,5,17
2024-06-28,071970,STX중공업,528509903190.0,0.8224793402437781,5,18
2024-06-28,220100,퓨쳐켐,338826036150.0,0.8214750875516745,5,19
2024-06-28,199820,제일일렉트릭,223311000000.0,0.819382548791462,5,20
2024-06-28,214420,토니모리,284568272170.0,0.8051036065780337,5,21
2024-06-28,051360,토비스,371033981100.0,0.8049159252610477,5,22
2024-06-28,001200,유진투자증권,559887896040.0,0.8042941821585429,5,23
2024-06-28,000250,삼천당제약,3427136659200.0,0.8006790921000473,5,24
2024-06-28,026890,스틱인베스트먼트,408029333250.0,0.7945844904678881,5,25
2024-06-28,006620,동구바이오제약,196408444800.0,0.7916764817677396,5,26
2024-06-28,012510,더존비즈온,2211866675200.0,0.7904535985838859,5,27
2024-06-28,229640,LS에코에너지,979996128000.0,0.7860118051006295,5,28
2024-06-28,339770,교촌에프앤비,253572781000.0,0.7830102469800548,5,29
2024-06-28,047810,한국항공우주,5166180671000.0,0.7790440182783828,5,30
2024-07-31,329180,HD현대중공업,18731127476000.0,0.91077279598596,5,1
2024-07-31,064350,현대로템,5337058127700.0,0.8972613931277762,5,2
2024-07-31,079550,LIG넥스원,4400000000000.0,0.8878842432589918,5,3
2024-07-31,089030,테크윙,2035773652500.0,0.8756440061448616,5,4
2024-07-31,178320,서진시스템,1517607994500.0,0.8601161521750731,5,5
2024-07-31,082740,한화엔진,1200804373380.0,0.8572136790517487,5,6
2024-07-31,220100,퓨쳐켐,450883962000.0,0.8538859619280011,5,7
2024-07-31,075580,세진중공업,515624565920.0,0.8459970807536763,5,8
2024-07-31,178920,PI첨단소재,819320383800.0,0.8361327660975973,5,9
2024-07-31,006360,GS건설,1698792576500.0,0.8358451596208789,5,10
2024-07-31,060370,LS마린솔루션,579876976200.0,0.8329697289452421,5,11
2024-07-31,047810,한국항공우주,5556081099000.0,0.824009313641562,5,12
2024-07-31,000250,삼천당제약,4285680134400.0,0.8219588608271994,5,13
2024-07-31,294870,HDC현대산업개발,1515868590000.0,0.8016811421584543,5,14
2024-07-31,026890,스틱인베스트먼트,416781750000.0,0.7802719666210794,5,15
2024-07-31,039490,키움증권,3389946556800.0,0.7776186605872223,5,16
2024-07-31,010140,삼성중공업,10304800000000.0,0.7744414188171884,5,17
2024-07-31,130660,한전산업,517036000000.0,0.7737569351910658,5,18
2024-07-31,272210,한화시스템,3570576452100.0,0.7718465950083504,5,19
2024-07-31,217330,싸이토젠,204274459220.0,0.7647190223124708,5,20
2024-07-31,337930,브랜드엑스코퍼레이션,232440567710.0,0.76299575811894,5,21
2024-07-31,225570,넥슨게임즈,1566558126000.0,0.7613337515583817,5,22
2024-07-31,010120,LS ELECTRIC,5520000000000.0,0.759297361015654,5,23
2024-07-31,042000,카페24,799138129300.0,0.753126403987504,5,24
2024-07-31,122640,예스티,402034499360.0,0.7457564727505065,5,25
2024-07-31,009540,HD한국조선해양,14650035012000.0,0.7400868487835024,5,26
2024-07-31,006620,동구바이오제약,210071640960.0,0.7381415665396784,5,27
2024-07-31,100840,SNT에너지,284360766250.0,0.7350048317114616,5,28
2024-07-31,103140,풍산,1636617835200.0,0.7348183086764256,5,29
2024-07-31,267260,HD현대일렉트릭,11174611850000.0,0.73341446217136,5,30
2024-08-30,064350,현대로템,5893683822000.0,0.909274883883131,5,1
2024-08-30,006360,GS건설,1754420545000.0,0.8742081566455407,5,2
2024-08-30,220100,퓨쳐켐,539292582000.0,0.8611575229579673,5,3
2024-08-30,294870,HDC현대산업개발,1710295213500.0,0.8517652102621815,5,4
2024-08-30,329180,HD현대중공업,17204229880800.0,0.848261348526993,5,5
2024-08-30,337930,브랜드엑스코퍼레이션,331806712040.0,0.8469088235180853,5,6
2024-08-30,112610,씨에스윈드,2715838353200.0,0.8155028422433764,5,7
2024-08-30,103140,풍산,1804763503200.0,0.806602546034932,5,8
2024-08-30,082740,한화엔진,1154073973860.0,0.8033157818910691,5,9
2024-08-30,326030,SK바이오팜,9006023750000.0,0.7853007015007584,5,10
2024-08-30,060370,LS마린솔루션,491460090720.0,0.7807836248576795,5,11
2024-08-30,317330,덕산테코피아,948292448400.0,0.7802534252407738,5,12
2024-08-30,063160,종근당바이오,191734371900.0,0.7795474361653203,5,13
2024-08-30,214260,라파스,192508596000.0,0.7757750782390649,5,14
2024-08-30,000520,삼일제약,229810586750.0,0.7676319727072336,5,15
2024-08-30,079550,LIG넥스원,4290000000000.0,0.7621128141641039,5,16
2024-08-30,042000,카페24,842793626500.0,0.7561461129612417,5,17
2024-08-30,178920,PI첨단소재,775270900800.0,0.7561231689443976,5,18
2024-08-30,000250,삼천당제약,3706280576000.0,0.7487843761972908,5,19
2024-08-30,272210,한화시스템,3519568217070.0,0.741451081191596,5,20
2024-08-30,079160,CJ CGV,1187206721460.0,0.7393350642093188,5,21
2024-08-30,293780,압타바이오,222765671340.0,0.7334597405767722,5,22
2024-08-30,010140,삼성중공업,9231200000000.0,0.7235543654588353,5,23
2024-08-30,140410,메지온,962471913700.0,0.7206161052325825,5,24
2024-08-30,026890,스틱인베스트먼트,358432305000.0,0.7021435914312246,5,25
2024-08-30,267260,HD현대일렉트릭,11012399742500.0,0.6980822373441997,5,26
2024-08-30,009540,HD한국조선해양,13545974402400.0,0.6784777253855736,5,27
2024-08-30,179290,엠아이텍,234974822280.0,0.6775191212412655,5,28
2024-08-30,089030,테크윙,1529631762750.0,0.6735924173099908,5,29
2024-08-30,047810,한국항공우주,5292898310100.0,0.6726026858595422,5,30
2024-09-30,112610,씨에스윈드,2909826807000.0,0.8868338428933076,5,1
2024-09-30,000520,삼일제약,345771155990.0,0.8725884835455922,5,2
2024-09-30,064350,현대로템,5850026904800.0,0.8638370933354756,5,3
2024-09-30,001530,DI동일,922893595200.0,0.7957861644760067,5,4
2024-09-30,326030,SK바이오팜,8144578000000.0,0.7898310899458867,5,5
2024-09-30,094480,갤럭시아머니트리,338945800320.0,0.7851634984868141,5,6
2024-09-30,337930,브랜드엑스코퍼레이션,364635644680.0,0.7765591553810095,5,7
2024-09-30,329180,HD현대중공업,16387517213600.0,0.7748755499140093,5,8
2024-09-30,060370,LS마린솔루션,506961752460.0,0.7747197370590534,5,9
2024-09-30,294870,HDC현대산업개발,1469733459000.0,0.7706223397105303,5,10
2024-09-30,006360,GS건설,1569564526600.0,0.7650966190932776,5,11
2024-09-30,272210,한화시스템,3377878675320.0,0.7550051896555717,5,12
2024-09-30,103140,풍산,1717888241400.0,0.7481865467323605,5,13
2024-09-30,032190,다우데이타,448876000000.0,0.7250543376559655,5,14
2024-09-30,075580,세진중공업,417843501600.0,0.7006749538383894,5,15
2024-09-30,078140,대봉엘에스,235589803750.0,0.693309720813152,5,16
2024-09-30,214260,라파스,170227508500.0,0.6931387528342073,5,17
2024-09-30,179290,엠아이텍,243066241780.0,0.6877616888686516,5,18
2024-09-30,220100,퓨쳐켐,596758185000.0,0.6862286164922169,5,19
2024-09-30,067080,대화제약,232894291500.0,0.6851182380169358,5,20
2024-09-30,047810,한국항공우주,5078453074700.0,0.6823304103588245,5,21
2024-09-30,026890,스틱인베스트먼트,340510689750.0,0.6763229821271403,5,22
2024-09-30,267260,HD현대일렉트릭,11877530982500.0,0.6688685735904323,5,23
2024-09-30,042660,한화오션,9360929186700.0,0.6594448496068225,5,24
2024-09-30,089970,브이엠,221495474000.0,0.6561793681317031,5,25
2024-09-30,003570,SNT다이내믹스,803052632550.0,0.6552414428788084,5,26
2024-09-30,079160,CJ CGV,957052145680.0,0.653376949607693,5,27
2024-09-30,010140,삼성중공업,8826400000000.0,0.6487060521506837,5,28
2024-09-30,052020,에스티큐브,272694414160.0,0.6392435247476496,5,29
2024-09-30,234690,녹십자웰빙,202553469160.0,0.6254927350411774,5,30
2024-10-31,064350,현대로템,6810479083200.0,0.8783187057998363,5,1
2024-10-31,067080,대화제약,316483050000.0,0.8738651969334753,5,2
2024-10-31,047810,한국항공우주,5702293759500.0,0.8670701357943685,5,3
2024-10-31,000520,삼일제약,345937600000.0,0.8473491278566705,5,4
2024-10-31,112610,씨에스윈드,2467027075500.0,0.8250149843349418,5,5
2024-10-31,103140,풍산,1944884893200.0,0.8232287837561677,5,6
2024-10-31,001530,DI동일,975846506400.0,0.8045906910612548,5,7
2024-10-31,326030,SK바이오팜,9233132175000.0,0.786113668703399,5,8
2024-10-31,083650,비에이치아이,350599768750.0,0.7855365201153623,5,9
2024-10-31,042660,한화오션,8196558289500.0,0.7847967756863226,5,10
2024-10-31,339770,교촌에프앤비,264065447800.0,0.7513511067420092,5,11
2024-10-31,013890,지누스,490312134400.0,0.7377888687936721,5,12
2024-10-31,293780,압타바이오,200561922000.0,0.7230977442902906,5,13
2024-10-31,272210,한화시스템,3449668043140.0,0.7229313994656951,5,14
2024-10-31,003570,SNT다이내믹스,834642694700.0,0.7059198860850466,5,15
2024-10-31,007390,네이처셀,1406203858600.0,0.702937253161717,5,16
2024-10-31,032190,다우데이타,419385000000.0,0.6990297328101569,5,17
2024-10-31,026960,동서,2657005000000.0,0.6972423810969405,5,18
2024-10-31,006360,GS건설,1520783077300.0,0.692084252153854,5,19
2024-10-31,052020,에스티큐브,289971286290.0,0.6848200690182495,5,20
2024-10-31,079550,LIG넥스원,5456000000000.0,0.6778312841999427,5,21
2024-10-31,075580,세진중공업,384870817120.0,0.665698440940949,5,22
2024-10-31,009420,한올바이오파마,2309036199600.0,0.665470305632845,5,23
2024-10-31,026890,스틱인베스트먼트,336759654000.0,0.6653095339787674,5,24
2024-10-31,060720,KH바텍,219489887340.0,0.6649293414354573,5,25
2024-10-31,122640,예스티,415462643800.0,0.6646200997738619,5,26
2024-10-31,112040,위메이드,1320595988700.0,0.6638972912389742,5,27
2024-10-31,111110,호전실업,82874864000.0,0.6527538745239329,5,28
2024-10-31,014820,동원시스템즈,1478555382000.0,0.6523309428431662,5,29
2024-10-31,140410,메지온,1072687464600.0,0.6514025463678635,5,30
2024-11-29,083650,비에이치아이,524816600000.0,0.9226862514915376,5,1
2024-11-29,272210,한화시스템,4364037885900.0,0.8990096122994717,5,2
2024-11-29,082740,한화엔진,1344333457620.0,0.8802319219115959,5,3
2024-11-29,010140,삼성중공업,10225600000000.0,0.8757959879662494,5,4
2024-11-29,082800,비보존 제약,364260921820.0,0.8580323842989922,5,5
2024-11-29,294870,HDC현대산업개발,1360986364500.0,0.8486888850923429,5,6
2024-11-29,326030,SK바이오팜,8097590050000.0,0.8447108176784975,5,7
2024-11-29,329180,HD현대중공업,19530085520000.0,0.8284997685806278,5,8
2024-11-29,365330,에스와이스틸텍,237227500000.0,0.8192457004886622,5,9
2024-11-29,339770,교촌에프앤비,246577669800.0,0.8122350733390645,5,10
2024-11-29,047810,한국항공우주,5692546248800.0,0.8048437224372945,5,11
2024-11-29,328130,루닛,1968117200000.0,0.8017956797369448,5,12
2024-11-29,026890,스틱인베스트먼트,345095289000.0,0.7979304860807648,5,13
2024-11-29,026960,동서,2786615000000.0,0.7921238535136053,5,14
2024-11-29,003570,SNT다이내믹스,653082969080.0,0.767353769051463,5,15
2024-11-29,293780,압타바이오,175266467200.0,0.7664526640477801,5,16
2024-11-29,041510,에스엠,1980387569600.0,0.7625517778548886,5,17
2024-11-29,092460,한라IMS,129862471200.0,0.7618460722034378,5,18
2024-11-29,042660,한화오션,10724468790000.0,0.7554005839039003,5,19
2024-11-29,034020,두산에너빌리티,13547868237900.0,0.7483062234240703,5,20
2024-11-29,174900,앱클론,245171311770.0,0.7204459295002003,5,21
2024-11-29,214370,케어젠,1278417000000.0,0.7185676652522021,5,22
2024-11-29,075580,세진중공업,449679196960.0,0.7169938194783648,5,23
2024-11-29,001530,DI동일,1071666060000.0,0.7150539955918293,5,24
2024-11-29,014820,동원시스템즈,1319103331000.0,0.7141832497272274,5,25
2024-11-29,086280,현대글로비스,9225000000000.0,0.7131254382944755,5,26
2024-11-29,030520,한글과컴퓨터,611747523200.0,0.7110931292979192,5,27
2024-11-29,023160,태광,453680000000.0,0.7102931293722827,5,28
2024-11-29,101530,해태제과식품,166257053620.0,0.7049847559908154,5,29
2024-11-29,010120,LS ELECTRIC,4320000000000.0,0.7032336735952237,5,30
2024-12-30,083650,비에이치아이,477781150000.0,0.91041183800333,5,1
2024-12-30,326030,SK바이오팜,8700602075000.0,0.9043701306990136,5,2
2024-12-30,272210,한화시스템,4269578191400.0,0.8813996790790918,5,3
2024-12-30,082740,한화엔진,1538765298480.0,0.8812564934426892,5,4
2024-12-30,293780,압타바이오,171234263200.0,0.8760694400888482,5,5
2024-12-30,010140,삼성중공업,9944000000000.0,0.8460850726691991,5,6
2024-12-30,329180,HD현대중공업,25522270850000.0,0.8255145831024069,5,7
2024-12-30,214370,케어젠,1546992000000.0,0.819618839580648,5,8
2024-12-30,042660,한화오션,11444540265900.0,0.7929206576482749,5,9
2024-12-30,010120,LS ELECTRIC,4824000000000.0,0.7905684520498868,5,10
2024-12-30,294870,HDC현대산업개발,1189627306500.0,0.7870081872406062,5,11
2024-12-30,082800,비보존 제약,344720102080.0,0.785206976544357,5,12
2024-12-30,000150,두산,4213577925000.0,0.7727594044482194,5,13
2024-12-30,026890,스틱인베스트먼트,359682650250.0,0.7710226010174195,5,14
2024-12-30,065350,신성델타테크,3185389573200.0,0.7549764803305677,5,15
2024-12-30,089860,롯데렌탈,1087466170600.0,0.7514781555140979,5,16
2024-12-30,174900,앱클론,246042567320.0,0.7480763242493111,5,17
2024-12-30,328130,루닛,1846557020000.0,0.7303000908200753,5,18
2024-12-30,033500,동성화인텍,447443250480.0,0.7253282034140305,5,19
2024-12-30,001530,DI동일,1054519442400.0,0.7194294977731536,5,20
2024-12-30,092460,한라IMS,139443892000.0,0.708555146710251,5,21
2024-12-30,042000,카페24,822178530600.0,0.7035447468335317,5,22
2024-12-30,200670,휴메딕스,474464542500.0,0.7011654009935119,5,23
2024-12-30,020560,아시아나항공,2142303394400.0,0.6921555653417109,5,24
2024-12-30,032500,케이엠더블유,349627352740.0,0.6915243448790435,5,25
2024-12-30,009450,경동나비엔,1279122377600.0,0.6822045721550689,5,26
2024-12-30,101530,해태제과식품,174700932000.0,0.680540442202057,5,27
2024-12-30,031440,신세계푸드,139409280000.0,0.6741638239530195,5,28
2024-12-30,018290,브이티,1431920280000.0,0.6725356497300949,5,29
2024-12-30,048410,현대바이오,561882888880.0,0.6669260910731564,5,30
